UserID,SignupDate,SignupDay,SignupTime,Age,Gender,City,State,Country,Language,DeviceType,DeviceModel,OSDetails,AppVersion,ISP,AcquisitionSource,Campaign,Adgroup,FirstEventName,LandingPageViewed,ProfileCompleted,NotificationPermissionGiven,FirstSessionDurationSec,FirstSessionEventCount,ViewedPricingPage,ViewedServicePage,UsedSearch,AddedWalletMoneyOnSignupDay,SignupWalletBalance,DevicePriceTier,AcquisitionCostBucket,SignupIntentScore,PremiumDeviceFlag,HighIntentFirstSessionFlag,PaidAcquisitionFlag,HighValueUser_90D,Revenue_90D,RechargeCount_90D
100000,2025-11-02,Sun,Night,49,Male,Hyderabad,Telangana,India,Tamil,Android,Oppo F21,Android 13,1.1.0,Airtel,organic,install_campaign,B,view_service,0,0,0,98.0,5,0,0,0,0,69.27,Mid,Low,0.0,0,0,0,0,31.53,3
100001,2026-04-10,Mon,Morning,30,Female,Jaipur,Telangana,India,Telugu,Android,Samsung A14,Android 12,1.0.1,Other,affiliate,welcome_offer,C,view_service,1,0,0,246.0,8,0,0,0,0,102.95,Low,Low,1.3,0,0,1,0,390.59,0
100002,2025-05-25,Sat,Evening,42,Male,Indore,Tamil Nadu,India,Telugu,iOS,iPhone 14,Android 13,1.1.0,Airtel,crm,lookalike,B,app_launch,1,0,1,243.0,9,0,0,0,0,572.71,High,Low,1.3,1,0,0,0,35.07,0
100003,2026-01-28,Wed,Night,33,Male,Bengaluru,MP,India,English,iOS,Vivo V27,Android 13,2.0.0,Jio,referral,organic,D,app_launch,1,1,1,127.0,5,0,0,0,1,45.71,High,Medium,5.0,1,1,0,1,6648.35,6
100004,2025-04-04,Thu,Evening,49,Male,Kolkata,Telangana,India,English,Android,Oppo F21,Android 13,1.1.0,ACT,affiliate,install_campaign,A,app_launch,1,1,1,163.0,9,0,0,0,0,166.37,Low,Low,2.0,0,0,1,0,173.1,0
100005,2025-01-02,Wed,Afternoon,39,Male,Mumbai,Tamil Nadu,India,Bengali,Web,iPhone 14,Android 13,2.0.0,Vi,crm,install_campaign,D,view_service,1,0,1,257.0,8,0,1,0,0,425.02,Mid,Low,2.8,0,0,0,1,6950.68,1
100006,2025-11-07,Mon,Afternoon,34,Female,Hyderabad,Telangana,UAE,English,Android,iPhone 14,Android 13,1.1.0,Jio,crm,organic,C,view_service,0,1,1,208.0,8,0,0,0,0,209.35,High,Low,2.0,1,0,0,1,1798.31,3
100007,2025-03-07,Tue,Morning,38,Male,Bengaluru,Rajasthan,UAE,Bengali,Android,iPhone 14,Android 12,2.0.0,ACT,organic,welcome_offer,E,promo_click,1,0,0,187.0,3,0,1,0,0,98.67,Mid,Medium,1.5,0,0,0,1,781.23,7
100008,2025-03-26,Wed,Afternoon,59,Male,Indore,Delhi,India,Telugu,Android,Oppo F21,iOS 17,2.1.1,Jio,google,welcome_offer,D,notification_open,1,1,1,463.0,6,0,0,0,0,96.28,Mid,Low,3.3,0,0,1,1,4974.35,4
100009,2025-09-17,Sat,Afternoon,31,Male,Bengaluru,MP,USA,Tamil,Android,OnePlus Nord,iOS 16,2.1.1,Other,affiliate,lookalike,D,promo_click,1,1,0,282.0,8,0,0,0,0,167.84,Mid,High,3.3,0,0,1,1,7893.36,4
100010,2025-10-07,Fri,Night,59,Female,Kolkata,Delhi,Canada,English,Android,OnePlus Nord,Android 12,1.0.1,ACT,crm,remarketing,C,promo_click,1,1,1,129.0,7,0,0,0,0,64.2,Premium,Low,2.0,1,0,0,1,2624.47,3
100011,2026-01-26,Fri,Night,36,Other,Pune,MP,India,Tamil,Android,Redmi Note,iOS 17,1.2.3,Airtel,crm,organic,C,view_home,0,1,0,91.0,6,1,1,0,0,101.58,Mid,High,4.7,0,1,0,1,3820.56,3
100012,2025-07-28,Sun,Night,39,Male,Jaipur,West Bengal,India,Telugu,Android,Redmi Note,Android 12,2.0.0,Airtel,google,organic,E,signup,1,1,1,118.0,5,0,1,0,0,240.45,Premium,Low,3.5,1,0,1,1,1158.64,4
100013,2025-10-02,Thu,Afternoon,54,Female,Chennai,Telangana,India,Telugu,Android,iPhone 13,Android 12,2.0.0,ACT,referral,welcome_offer,A,notification_open,1,1,0,77.0,7,1,0,0,0,156.81,Low,Medium,3.2,0,0,0,1,4351.86,7
100014,2025-07-17,Wed,Morning,22,Female,Mumbai,Tamil Nadu,India,Tamil,Android,Samsung A14,Android 13,1.1.0,Jio,affiliate,install_campaign,B,view_home,0,1,1,587.0,12,0,1,0,0,73.41,High,High,5.8,1,1,1,1,2381.4,2
100015,2025-11-25,Sun,Afternoon,30,Male,Delhi,Karnataka,UK,English,Android,iPhone 14,iOS 17,1.2.3,Airtel,crm,lookalike,A,promo_click,1,0,1,152.0,7,0,1,0,0,30.79,High,Medium,1.5,1,0,0,0,709.34,0
100016,2025-01-27,Thu,Evening,36,Female,Bengaluru,Tamil Nadu,India,Tamil,iOS,Vivo V27,Android 14,2.1.1,Airtel,referral,organic,C,view_home,0,0,1,104.0,4,1,0,0,0,54.85,Low,Medium,1.2,0,0,0,1,4299.12,4
100017,2025-08-27,Sat,Afternoon,21,Female,Pune,Rajasthan,India,English,Android,Oppo F21,Android 12,1.0.1,Airtel,referral,install_campaign,E,notification_open,0,0,1,194.0,7,0,1,1,0,44.9,Premium,Medium,2.5,1,0,0,0,191.1,0
100018,2025-02-28,Sun,Night,37,Female,Kolkata,Maharashtra,India,Hindi,Android,Vivo V27,Android 12,1.2.3,Jio,google,welcome_offer,E,promo_click,1,0,1,223.0,6,0,0,0,0,201.97,Low,Medium,0.0,0,0,1,0,274.68,0
100019,2026-04-08,Sat,Night,44,Female,Delhi,West Bengal,India,English,Android,Oppo F21,iOS 17,1.1.0,Airtel,affiliate,lookalike,A,signup,1,0,1,110.0,6,0,1,1,0,131.73,Low,Medium,2.5,0,0,1,1,571.71,5
100020,2025-01-31,Sat,Afternoon,54,Male,Kolkata,Maharashtra,USA,English,Android,Oppo F21,Android 12,1.0.1,BSNL,affiliate,organic,A,view_service,1,0,1,25.0,12,0,1,0,0,171.74,Mid,Medium,2.5,0,0,1,0,477.65,0
100021,2025-07-23,Fri,Night,23,Male,Jaipur,Karnataka,India,Hindi,Android,OnePlus Nord,iOS 16,2.1.1,Other,referral,organic,A,notification_open,0,0,1,376.0,11,0,1,0,0,243.63,Mid,Medium,3.8,0,0,0,1,3678.54,7
100022,2026-03-09,Mon,Morning,27,Female,Delhi,West Bengal,India,Tamil,Android,Vivo V27,Android 13,2.1.1,Jio,organic,install_campaign,A,notification_open,0,0,0,88.0,8,0,0,0,0,49.29,Premium,High,0.0,1,0,0,1,3770.6,4
100023,2025-08-10,Sat,Afternoon,20,Female,Indore,West Bengal,India,Tamil,Android,Samsung A14,Android 13,1.2.3,BSNL,referral,brand_search,A,view_home,1,0,0,102.0,9,0,0,0,1,23.17,Low,Low,3.0,0,0,0,0,177.67,0
100024,2025-05-25,Sun,Night,24,Male,Mumbai,West Bengal,India,Telugu,Android,OnePlus Nord,iOS 17,2.0.0,ACT,referral,brand_search,B,view_service,1,0,1,88.0,6,0,0,0,0,181.15,Mid,Medium,0.0,0,0,0,1,3267.86,8
100025,2025-09-22,Thu,Night,37,Female,Delhi,Karnataka,India,Bengali,Android,OnePlus Nord,Android 13,2.1.1,Other,crm,brand_search,B,view_home,1,0,1,64.0,9,0,0,0,0,105.91,Premium,Low,0.0,1,0,0,0,697.8,0
100026,2025-02-07,Sun,Night,46,Male,Hyderabad,Tamil Nadu,India,Hindi,Android,Samsung A14,iOS 17,2.1.1,ACT,referral,brand_search,E,view_home,1,1,0,105.0,12,0,1,0,0,177.16,Mid,Low,4.5,0,1,0,0,11.55,0
100027,2025-09-30,Sat,Evening,26,Male,Bengaluru,Telangana,India,Bengali,Android,Oppo F21,Android 12,2.1.1,Other,crm,remarketing,C,signup,1,1,0,143.0,10,0,1,1,0,125.76,Low,Low,4.5,0,1,0,1,1814.3,6
100028,2025-08-30,Wed,Afternoon,29,Female,Bengaluru,Telangana,India,Telugu,Android,OnePlus Nord,iOS 17,2.0.0,Other,crm,install_campaign,D,app_launch,1,0,0,200.0,10,0,1,0,0,70.25,Low,High,1.5,0,0,0,1,3572.72,5
100029,2025-02-14,Thu,Night,52,Male,Bengaluru,MP,India,Bengali,Android,Oppo F21,Android 12,1.0.1,Other,crm,remarketing,D,view_home,1,0,1,90.0,8,0,0,0,0,103.89,Low,High,0.0,0,0,0,0,172.65,1
100030,2026-04-30,Thu,Morning,20,Male,Delhi,Tamil Nadu,India,English,Android,Redmi Note,iOS 16,2.1.1,Jio,crm,welcome_offer,A,view_home,0,1,0,180.0,5,0,0,0,1,188.16,Low,High,5.0,0,1,0,0,276.79,0
100031,2026-01-11,Mon,Night,59,Male,Pune,MP,India,Tamil,Android,Redmi Note,Android 14,1.1.0,Jio,organic,brand_search,B,signup,1,1,1,365.0,10,0,1,0,0,83.35,Mid,Medium,4.8,0,1,0,1,2404.34,3
100032,2025-02-18,Thu,Afternoon,43,Male,Pune,West Bengal,India,Hindi,Android,Vivo V27,Android 13,2.1.1,ACT,crm,brand_search,E,app_launch,0,0,1,890.0,7,0,1,0,0,108.35,Low,High,2.8,0,0,0,1,1989.49,7
100033,2025-05-09,Tue,Afternoon,19,Male,Pune,Maharashtra,India,Bengali,Android,Redmi Note,Android 14,1.0.1,BSNL,google,lookalike,E,notification_open,1,0,1,212.0,10,0,1,1,0,96.6,Low,Low,2.5,0,0,1,1,3042.04,1
100034,2026-01-15,Sat,Afternoon,44,Male,Pune,Tamil Nadu,India,Hindi,Android,Vivo V27,Android 12,2.0.0,BSNL,meta,install_campaign,A,app_launch,1,1,1,201.0,5,1,0,0,0,175.71,Low,Low,3.2,0,0,1,1,6715.85,9
100035,2025-07-07,Thu,Afternoon,56,Female,Indore,Karnataka,UAE,Bengali,Android,OnePlus Nord,iOS 17,1.0.1,BSNL,crm,lookalike,A,view_home,0,0,0,216.0,5,0,0,0,0,182.96,Low,Low,0.0,0,0,0,0,377.08,1
100036,2025-10-05,Wed,Evening,45,Male,Chennai,Telangana,India,Bengali,Android,iPhone 13,Android 14,1.2.3,Vi,affiliate,remarketing,E,view_service,1,1,0,352.0,7,0,1,1,0,35.25,Low,Medium,5.8,0,1,1,1,2984.39,4
100037,2025-01-30,Sat,Night,51,Male,Kolkata,Delhi,UAE,Bengali,Web,Oppo F21,Android 12,1.1.0,BSNL,affiliate,organic,E,signup,1,0,1,107.0,10,0,0,0,1,168.36,High,Medium,3.0,1,0,1,1,2093.38,6
100038,2025-05-05,Tue,Afternoon,22,Male,Indore,Tamil Nadu,India,English,Android,iPhone 13,Android 13,1.0.1,Other,affiliate,welcome_offer,D,view_service,1,0,0,122.0,5,0,0,0,0,115.33,Mid,Medium,0.0,0,0,1,1,1950.27,8
100039,2025-08-15,Tue,Evening,53,Male,Jaipur,Rajasthan,USA,Telugu,Android,Oppo F21,Android 13,1.1.0,Other,google,remarketing,D,view_service,1,1,0,327.0,12,0,0,0,0,68.43,Mid,Medium,4.3,0,1,1,1,1882.06,6
100040,2025-04-07,Fri,Evening,44,Female,Chennai,Karnataka,India,Telugu,Web,iPhone 13,iOS 17,2.1.1,Airtel,referral,welcome_offer,D,promo_click,0,1,1,374.0,11,0,0,0,1,109.71,Low,High,7.3,0,1,0,1,5181.71,5
100041,2026-01-26,Sat,Night,50,Male,Indore,West Bengal,India,English,Android,Vivo V27,iOS 16,1.2.3,BSNL,referral,organic,B,signup,1,1,0,321.0,8,1,1,0,0,184.5,Low,Medium,6.0,0,1,0,1,6012.7,4
100042,2025-12-19,Sat,Night,46,Female,Mumbai,Delhi,India,Tamil,Android,iPhone 14,Android 12,2.0.0,Other,crm,brand_search,A,signup,0,0,0,167.0,10,0,0,0,0,78.91,Low,High,0.0,0,0,0,0,235.77,1
100043,2026-02-05,Wed,Afternoon,37,Female,Kolkata,Rajasthan,India,Bengali,iOS,Redmi Note,Android 14,1.1.0,Vi,referral,install_campaign,A,view_service,1,0,1,253.0,15,1,0,0,1,115.55,Mid,Medium,6.5,0,1,0,1,9060.45,5
100044,2026-03-26,Mon,Morning,41,Female,Chennai,Telangana,India,Tamil,Android,Samsung A14,iOS 17,2.1.1,ACT,referral,welcome_offer,D,promo_click,1,0,0,157.0,6,0,1,0,0,363.77,Mid,Low,1.5,0,0,0,1,3697.91,4
100045,2025-04-14,Fri,Night,33,Male,Jaipur,Telangana,India,English,Android,Vivo V27,Android 13,2.1.1,ACT,meta,organic,E,view_service,0,1,0,366.0,8,0,0,0,1,96.08,Mid,High,6.3,0,1,1,1,2859.77,3
100046,2025-11-02,Sun,Night,32,Female,Hyderabad,West Bengal,India,Tamil,Android,iPhone 13,iOS 16,2.0.0,Vi,affiliate,lookalike,C,signup,1,1,0,125.0,7,0,0,0,0,167.93,Mid,Medium,2.0,0,0,1,1,3902.3,7
100047,2025-11-28,Fri,Morning,34,Female,Chennai,Telangana,India,Telugu,Android,OnePlus Nord,iOS 17,1.1.0,ACT,affiliate,install_campaign,B,signup,0,0,1,327.0,6,1,1,0,0,104.59,Mid,Medium,4.0,0,1,1,1,3502.01,5
100048,2025-01-03,Tue,Morning,26,Female,Hyderabad,Maharashtra,India,Bengali,Android,Samsung A14,iOS 17,2.1.1,Airtel,google,welcome_offer,D,notification_open,1,0,1,129.0,5,0,0,1,1,77.87,Low,Low,4.0,0,1,1,0,136.16,2
100049,2025-07-10,Thu,Evening,25,Male,Kolkata,Delhi,India,Telugu,Android,Vivo V27,Android 13,1.0.1,Other,meta,welcome_offer,A,view_service,0,1,0,84.0,12,0,1,0,0,53.76,Mid,Low,4.5,0,1,1,1,1292.67,7
100050,2026-01-27,Sat,Evening,54,Female,Chennai,Delhi,India,Bengali,Android,Samsung A14,Android 13,1.0.1,Vi,referral,welcome_offer,B,view_service,0,0,1,94.0,4,0,1,1,0,17.52,Mid,Medium,2.5,0,0,0,1,2081.81,8
100051,2026-04-25,Wed,Afternoon,52,Female,Bengaluru,Maharashtra,UK,Tamil,iOS,Samsung A14,Android 12,1.0.1,BSNL,crm,brand_search,C,view_home,1,1,0,183.0,3,0,0,0,0,62.68,High,Low,2.0,1,0,0,0,174.63,2
100052,2026-05-20,Sun,Night,55,Male,Bengaluru,Telangana,India,Hindi,iOS,Oppo F21,Android 14,1.1.0,Other,referral,welcome_offer,D,signup,1,1,1,61.0,8,0,1,0,0,240.24,High,Medium,3.5,1,0,0,1,1281.43,2
100053,2025-03-20,Sat,Morning,42,Male,Delhi,Delhi,India,Tamil,Android,Oppo F21,Android 12,2.0.0,ACT,affiliate,lookalike,B,signup,0,1,1,171.0,10,1,1,0,0,309.68,Low,High,4.7,0,1,1,0,201.3,1
100054,2025-08-20,Thu,Evening,24,Female,Indore,Karnataka,Canada,Bengali,Android,Samsung A14,iOS 16,2.1.1,Jio,google,brand_search,C,signup,1,0,0,125.0,7,0,1,0,0,77.69,Low,Low,1.5,0,0,1,1,1935.4,2
100055,2026-03-25,Tue,Morning,40,Female,Jaipur,Karnataka,India,Telugu,Android,Samsung A14,Android 13,2.1.1,Jio,organic,welcome_offer,A,notification_open,0,0,0,243.0,8,1,0,0,0,287.79,Low,Medium,2.5,0,0,0,1,1224.3,4
100056,2025-12-26,Fri,Afternoon,33,Male,Bengaluru,West Bengal,India,Hindi,Android,Samsung A14,Android 12,1.1.0,Jio,google,install_campaign,E,app_launch,1,0,0,279.0,8,0,0,0,0,301.88,Low,High,1.3,0,0,1,0,264.92,1
100057,2025-10-20,Fri,Afternoon,19,Male,Bengaluru,Telangana,USA,Bengali,iOS,Redmi Note,iOS 17,1.2.3,Jio,crm,organic,B,signup,0,0,0,271.0,6,0,1,0,0,168.13,Mid,High,2.8,0,0,0,1,1625.98,5
100058,2025-11-03,Sat,Night,33,Male,Indore,Delhi,India,Tamil,iOS,Samsung A14,Android 12,2.0.0,ACT,google,brand_search,B,app_launch,1,1,1,303.0,6,0,1,0,0,105.41,Mid,Medium,4.8,0,1,1,1,1938.24,8
100059,2025-07-29,Mon,Evening,19,Male,Kolkata,Delhi,India,Telugu,iOS,Samsung A14,iOS 17,2.1.1,Other,referral,install_campaign,E,view_home,1,0,0,130.0,7,0,0,0,0,220.98,Low,Medium,0.0,0,0,0,0,209.79,0
100060,2026-05-23,Thu,Night,59,Female,Mumbai,Telangana,India,Bengali,iOS,iPhone 13,Android 12,2.1.1,ACT,referral,lookalike,E,signup,1,0,0,175.0,5,0,0,0,0,53.8,Low,Medium,0.0,0,0,0,0,108.49,0
100061,2024-12-14,Tue,Evening,21,Male,Indore,Delhi,India,Telugu,iOS,iPhone 13,Android 14,1.0.1,Vi,referral,lookalike,E,view_service,0,0,0,29.0,5,0,0,0,0,75.83,Low,Low,0.0,0,0,0,0,252.36,1
100062,2025-08-06,Mon,Morning,45,Female,Indore,MP,UAE,Tamil,Android,Redmi Note,Android 13,2.0.0,ACT,organic,remarketing,E,promo_click,1,0,1,398.0,11,1,1,0,0,117.47,Mid,Low,5.0,0,1,0,1,2181.63,7
100063,2025-06-10,Sat,Afternoon,45,Male,Jaipur,Maharashtra,India,Tamil,Android,iPhone 13,iOS 17,1.0.1,Jio,crm,welcome_offer,B,promo_click,1,0,1,165.0,6,0,0,0,0,26.99,Low,High,0.0,0,0,0,1,4848.63,8
100064,2026-04-08,Fri,Afternoon,24,Male,Pune,Rajasthan,India,Bengali,Web,Oppo F21,iOS 17,1.2.3,Jio,meta,organic,A,signup,1,0,1,326.0,6,0,0,0,0,96.41,Mid,Low,1.3,0,0,1,0,97.57,0
100065,2025-01-06,Mon,Evening,56,Male,Hyderabad,MP,India,English,Android,Samsung A14,Android 14,2.0.0,Other,crm,welcome_offer,E,view_service,0,0,1,68.0,5,0,1,0,0,77.12,Low,High,1.5,0,0,0,1,1492.59,2
100066,2025-10-13,Thu,Night,36,Male,Bengaluru,MP,India,Hindi,Android,iPhone 14,Android 13,1.1.0,ACT,referral,install_campaign,E,app_launch,1,0,1,134.0,13,1,0,0,0,254.83,Low,Medium,2.2,0,0,0,1,1376.79,5
100067,2024-12-31,Fri,Morning,45,Female,Pune,Tamil Nadu,USA,Telugu,Android,iPhone 14,Android 12,1.1.0,Vi,google,brand_search,E,view_home,1,1,0,147.0,7,0,1,0,0,130.6,Mid,Low,3.5,0,0,1,0,107.5,0
100068,2025-07-25,Wed,Morning,51,Female,Pune,West Bengal,India,Bengali,Android,OnePlus Nord,iOS 16,1.2.3,Other,crm,lookalike,D,notification_open,0,0,1,246.0,17,0,1,0,0,43.78,Low,High,3.8,0,0,0,0,0.97,1
100069,2026-05-27,Thu,Afternoon,40,Male,Jaipur,Rajasthan,Canada,Hindi,Android,Redmi Note,iOS 16,1.2.3,BSNL,google,install_campaign,C,app_launch,0,1,1,144.0,7,1,1,0,0,100.85,Low,Low,4.7,0,1,1,1,2176.3,6
100070,2025-12-18,Tue,Morning,31,Male,Bengaluru,Karnataka,India,Telugu,iOS,Samsung A14,Android 13,1.2.3,BSNL,affiliate,brand_search,A,view_service,1,1,1,156.0,4,0,1,0,0,116.04,Premium,Low,3.5,1,0,1,0,218.05,1
100071,2025-06-20,Thu,Evening,50,Male,Mumbai,Tamil Nadu,India,English,iOS,iPhone 13,Android 12,1.1.0,Vi,meta,lookalike,D,promo_click,0,0,1,492.0,6,0,0,0,0,290.19,Mid,Low,1.3,0,0,1,1,2943.57,3
100072,2025-07-02,Wed,Afternoon,24,Female,Chennai,Karnataka,India,Tamil,Android,Samsung A14,iOS 17,1.1.0,Jio,organic,lookalike,C,notification_open,1,0,1,372.0,7,0,1,0,0,171.31,Mid,High,2.8,0,0,0,1,2891.39,8
100073,2025-06-17,Sat,Afternoon,54,Male,Mumbai,Tamil Nadu,India,Telugu,Android,iPhone 13,Android 13,2.0.0,Airtel,meta,organic,B,signup,0,0,0,173.0,11,0,0,0,0,264.67,Premium,Medium,1.0,1,0,1,0,109.79,1
100074,2025-06-25,Sun,Afternoon,25,Female,Mumbai,Karnataka,UAE,Bengali,Android,OnePlus Nord,Android 12,1.0.1,ACT,crm,brand_search,B,signup,1,0,1,223.0,7,0,1,0,0,44.42,Mid,Medium,1.5,0,0,0,1,1996.92,8
100075,2025-01-03,Sat,Night,31,Female,Pune,Delhi,India,English,Android,Samsung A14,iOS 17,2.1.1,BSNL,crm,welcome_offer,B,view_home,0,1,1,34.0,4,0,1,0,0,172.22,High,Low,3.5,1,0,0,1,4159.61,5
100076,2026-03-22,Thu,Night,54,Male,Chennai,MP,India,English,Android,Samsung A14,Android 12,2.0.0,ACT,meta,remarketing,C,promo_click,1,1,1,45.0,3,1,0,0,1,107.76,High,Medium,6.2,1,1,1,1,1791.45,5
100077,2024-12-31,Wed,Morning,49,Female,Delhi,West Bengal,India,Tamil,Android,Vivo V27,iOS 16,2.1.1,Vi,crm,brand_search,A,view_service,1,0,0,81.0,4,1,1,0,0,133.82,Mid,Medium,2.7,0,0,0,0,5.35,1
100078,2025-11-02,Sat,Evening,46,Male,Jaipur,Rajasthan,India,Hindi,iOS,Vivo V27,Android 13,2.0.0,Airtel,meta,remarketing,D,signup,1,0,0,324.0,7,0,1,0,0,282.24,Mid,Medium,2.8,0,0,1,1,1040.76,6
100079,2025-12-18,Wed,Evening,57,Female,Indore,Tamil Nadu,India,Telugu,Android,OnePlus Nord,iOS 17,1.1.0,Jio,referral,organic,E,promo_click,1,1,0,218.0,8,0,0,1,0,43.98,Low,Medium,3.0,0,0,0,1,2090.99,6
100080,2026-04-09,Fri,Evening,39,Male,Pune,Telangana,UK,Tamil,Android,iPhone 14,Android 12,2.0.0,Other,referral,lookalike,E,notification_open,0,0,1,460.0,12,1,1,0,0,82.0,High,High,5.0,1,1,0,0,2.69,2
100081,2025-09-03,Sun,Night,38,Male,Kolkata,Telangana,India,English,Android,Redmi Note,Android 12,1.1.0,Vi,google,welcome_offer,D,view_service,1,0,0,113.0,5,0,0,0,1,124.36,Mid,Low,3.0,0,0,1,0,317.18,3
100082,2025-11-04,Sun,Morning,46,Male,Kolkata,Delhi,India,Tamil,Android,iPhone 14,iOS 16,1.1.0,BSNL,meta,remarketing,A,signup,1,1,0,147.0,7,0,0,0,0,83.76,Mid,Medium,2.0,0,0,1,0,259.09,2
100083,2025-09-24,Sun,Night,56,Female,Pune,MP,India,Hindi,Android,Samsung A14,iOS 17,1.0.1,Other,affiliate,install_campaign,D,view_home,0,0,0,271.0,3,0,0,1,0,122.21,Mid,Low,2.3,0,0,1,0,511.8,2
100084,2025-11-26,Sun,Evening,40,Male,Mumbai,Delhi,India,Telugu,Android,iPhone 13,Android 13,1.2.3,ACT,google,welcome_offer,D,notification_open,1,0,1,511.0,7,0,0,0,0,272.53,Mid,Medium,1.3,0,0,1,1,3077.94,7
100085,2025-04-03,Sat,Morning,44,Other,Hyderabad,Tamil Nadu,India,Tamil,Android,Samsung A14,iOS 16,1.0.1,Jio,referral,welcome_offer,D,signup,1,0,1,177.0,4,1,0,0,1,31.65,High,Medium,4.2,1,1,0,1,4908.05,4
100086,2025-02-12,Sun,Morning,55,Female,Delhi,Tamil Nadu,India,Bengali,Android,Vivo V27,iOS 16,2.1.1,Other,meta,install_campaign,C,app_launch,0,1,1,102.0,11,0,0,1,1,158.79,Low,Low,7.0,0,1,1,1,4149.22,5
100087,2026-01-23,Wed,Morning,59,Female,Mumbai,Telangana,India,Hindi,iOS,iPhone 13,Android 12,2.0.0,Vi,affiliate,welcome_offer,C,notification_open,1,0,1,213.0,7,0,0,0,0,121.01,Mid,Medium,0.0,0,0,1,0,357.12,1
100088,2026-03-08,Wed,Night,53,Male,Kolkata,Tamil Nadu,Canada,Tamil,Android,Oppo F21,Android 13,2.0.0,ACT,crm,lookalike,E,view_service,0,1,0,311.0,4,0,0,0,0,141.33,Low,Low,3.3,0,0,0,0,81.23,2
100089,2025-08-16,Fri,Morning,50,Female,Indore,Maharashtra,UK,English,Android,Vivo V27,iOS 16,1.1.0,Jio,affiliate,organic,A,signup,0,1,1,166.0,6,1,1,0,0,39.03,High,Low,4.7,1,1,1,1,3316.5,4
100090,2026-02-10,Sun,Night,48,Female,Hyderabad,Tamil Nadu,India,Bengali,iOS,iPhone 14,iOS 16,1.1.0,Airtel,google,install_campaign,E,app_launch,0,1,0,51.0,5,0,1,0,0,201.58,Low,Low,3.5,0,0,1,0,363.02,0
100091,2025-01-16,Wed,Night,35,Female,Indore,MP,India,Tamil,Android,Samsung A14,iOS 17,1.2.3,Other,crm,welcome_offer,E,view_service,1,0,1,257.0,13,0,0,0,0,140.37,Mid,Medium,2.3,0,0,0,1,5195.19,7
100092,2024-12-29,Mon,Evening,55,Female,Mumbai,Maharashtra,India,Hindi,Android,Oppo F21,Android 13,1.0.1,Jio,referral,install_campaign,B,app_launch,1,1,1,94.0,7,0,1,0,0,171.16,Low,Medium,3.5,0,0,0,0,67.78,0
100093,2026-04-20,Thu,Evening,38,Female,Delhi,Tamil Nadu,India,Tamil,Android,Vivo V27,iOS 17,2.1.1,Airtel,affiliate,welcome_offer,B,promo_click,1,0,0,181.0,5,1,1,1,1,99.2,Low,Low,6.7,0,1,1,1,3089.89,7
100094,2025-06-14,Mon,Morning,19,Male,Indore,Tamil Nadu,India,Tamil,iOS,Oppo F21,Android 12,2.1.1,BSNL,affiliate,welcome_offer,C,promo_click,1,0,1,27.0,7,0,0,0,0,61.95,High,Low,0.0,1,0,1,0,38.91,2
100095,2025-04-15,Wed,Afternoon,34,Male,Indore,Delhi,India,Bengali,Android,Vivo V27,Android 13,1.0.1,Other,referral,welcome_offer,D,promo_click,1,0,0,479.0,7,1,0,1,0,248.3,Mid,High,3.5,0,0,0,1,5284.86,6
100096,2025-08-04,Tue,Morning,53,Male,Kolkata,Tamil Nadu,UAE,Hindi,Android,Vivo V27,Android 14,2.0.0,ACT,affiliate,install_campaign,B,app_launch,0,1,1,293.0,7,0,0,0,0,329.39,Mid,Low,3.3,0,0,1,1,2157.15,9
100097,2025-10-20,Wed,Evening,58,Other,Kolkata,Maharashtra,India,Hindi,Android,Vivo V27,iOS 17,1.1.0,Vi,google,organic,B,app_launch,1,0,1,326.0,8,0,0,0,0,81.22,High,Medium,1.3,1,0,1,1,3179.29,9
100098,2026-03-09,Thu,Night,47,Male,Pune,Telangana,India,English,Android,OnePlus Nord,Android 13,2.0.0,Other,google,brand_search,C,app_launch,1,1,0,81.0,12,0,0,0,0,64.72,Mid,Low,3.0,0,0,1,0,510.95,2
100099,2025-01-22,Sun,Morning,42,Male,Jaipur,Tamil Nadu,India,Tamil,Web,Oppo F21,Android 14,2.0.0,Airtel,referral,install_campaign,C,notification_open,1,0,0,319.0,7,0,1,0,0,118.21,High,Low,2.8,1,0,0,1,2079.17,5
100100,2025-11-20,Mon,Morning,40,Male,Delhi,Tamil Nadu,India,English,iOS,Oppo F21,Android 13,2.0.0,Other,affiliate,welcome_offer,B,view_home,1,1,1,381.0,4,0,0,1,0,10.58,High,Low,4.3,1,1,1,1,1995.12,10
100101,2025-10-03,Tue,Evening,57,Female,Pune,Karnataka,India,English,Android,Samsung A14,Android 13,1.0.1,Airtel,referral,welcome_offer,D,notification_open,0,0,0,197.0,7,0,0,0,0,60.94,Mid,Medium,0.0,0,0,0,1,2519.55,7
100102,2026-01-28,Mon,Afternoon,52,Female,Chennai,Delhi,India,Telugu,Android,iPhone 14,Android 14,1.0.1,Airtel,crm,lookalike,A,notification_open,1,1,0,62.0,9,0,0,0,1,146.79,Mid,Medium,5.0,0,1,0,1,2318.1,3
100103,2025-04-04,Tue,Morning,34,Female,Indore,Telangana,India,Telugu,Android,OnePlus Nord,iOS 16,1.2.3,Jio,affiliate,lookalike,A,signup,1,0,1,163.0,7,0,0,0,0,80.89,Low,Low,0.0,0,0,1,0,533.39,2
100104,2026-05-18,Mon,Night,48,Female,Chennai,West Bengal,India,English,iOS,OnePlus Nord,iOS 17,1.2.3,Jio,affiliate,install_campaign,D,app_launch,1,1,0,215.0,10,1,1,1,0,22.38,Mid,Medium,5.7,0,1,1,0,44.61,0
100105,2025-07-03,Sat,Afternoon,25,Male,Pune,Delhi,India,English,Android,OnePlus Nord,Android 12,2.0.0,Other,meta,welcome_offer,C,view_service,0,1,0,158.0,3,1,1,0,0,179.36,Mid,Low,4.7,0,1,1,1,4893.14,5
100106,2026-01-04,Fri,Evening,36,Male,Jaipur,Telangana,India,English,Android,iPhone 13,Android 14,1.2.3,Airtel,crm,lookalike,D,app_launch,1,0,1,206.0,10,0,1,0,0,68.94,Low,Low,1.5,0,0,0,1,5350.13,5
100107,2026-04-17,Wed,Evening,38,Male,Delhi,Tamil Nadu,UK,Tamil,Android,Redmi Note,iOS 16,2.0.0,Airtel,meta,lookalike,E,view_service,1,1,0,85.0,8,0,0,0,0,235.56,Low,Medium,2.0,0,0,1,1,3168.06,4
100108,2026-05-28,Mon,Afternoon,18,Female,Chennai,Telangana,India,English,Android,Redmi Note,iOS 17,2.1.1,Jio,google,remarketing,B,promo_click,1,0,0,275.0,10,0,1,1,1,32.91,Mid,Medium,6.8,0,1,1,1,1535.39,4
100109,2025-11-25,Wed,Night,39,Female,Indore,Rajasthan,India,Tamil,iOS,Oppo F21,Android 12,1.2.3,Jio,referral,brand_search,B,view_service,1,1,1,257.0,6,1,1,0,0,81.96,Low,Medium,6.0,0,1,0,1,1294.95,5
100110,2026-05-27,Thu,Afternoon,57,Female,Delhi,West Bengal,India,Bengali,Android,iPhone 14,iOS 16,2.0.0,BSNL,organic,remarketing,A,app_launch,1,0,1,256.0,9,0,1,1,0,63.65,Premium,High,3.8,1,0,0,1,1825.78,7
100111,2025-06-28,Mon,Night,49,Male,Mumbai,Maharashtra,India,English,Android,Samsung A14,iOS 16,1.0.1,BSNL,organic,welcome_offer,A,view_home,0,0,0,68.0,8,0,0,0,0,313.75,Mid,Low,0.0,0,0,0,0,73.53,1
100112,2026-04-22,Mon,Evening,41,Female,Kolkata,West Bengal,India,Hindi,Android,Vivo V27,Android 12,1.2.3,ACT,affiliate,organic,A,signup,1,1,1,213.0,4,1,0,1,1,213.54,High,Medium,7.2,1,1,1,1,5594.49,5
100113,2025-09-11,Tue,Evening,56,Male,Mumbai,Rajasthan,India,Tamil,Android,Oppo F21,Android 14,2.0.0,Vi,meta,install_campaign,B,app_launch,1,1,1,113.0,7,1,0,0,0,217.58,High,Medium,3.2,1,0,1,1,2609.89,1
100114,2025-01-12,Tue,Evening,22,Female,Kolkata,Rajasthan,India,Tamil,Android,Redmi Note,iOS 16,2.1.1,Jio,referral,remarketing,B,signup,0,0,0,73.0,3,0,0,0,0,77.5,Low,Low,0.0,0,0,0,1,3558.36,2
100115,2025-09-07,Sun,Afternoon,36,Male,Pune,West Bengal,India,English,iOS,Samsung A14,iOS 17,2.1.1,Vi,affiliate,brand_search,E,promo_click,1,1,1,327.0,13,0,0,0,0,159.02,Low,Medium,4.3,0,1,1,1,3802.68,6
100116,2025-06-18,Sun,Evening,33,Male,Mumbai,Karnataka,India,English,Android,iPhone 14,Android 13,2.1.1,Vi,organic,remarketing,A,app_launch,1,0,1,52.0,10,0,0,0,1,121.97,Mid,Low,3.0,0,0,0,0,523.43,0
100117,2025-11-28,Thu,Evening,23,Female,Indore,Rajasthan,India,English,Android,iPhone 13,iOS 16,1.0.1,BSNL,organic,install_campaign,C,promo_click,1,1,1,340.0,10,0,1,0,1,375.33,Low,Medium,7.8,0,1,0,1,2423.29,5
100118,2025-06-07,Wed,Morning,20,Male,Jaipur,Telangana,UK,English,Android,Redmi Note,iOS 16,1.2.3,BSNL,affiliate,remarketing,D,notification_open,1,0,0,96.0,6,0,0,0,0,97.83,Low,Medium,0.0,0,0,1,0,351.75,1
100119,2026-02-23,Wed,Morning,52,Male,Hyderabad,Delhi,India,Tamil,Android,Redmi Note,Android 12,1.0.1,Other,google,brand_search,A,app_launch,0,0,1,380.0,6,0,0,0,0,42.16,Mid,Low,1.3,0,0,1,1,3560.34,5
100120,2024-12-22,Sun,Morning,29,Male,Hyderabad,Karnataka,India,Tamil,Android,Redmi Note,Android 14,1.2.3,BSNL,crm,organic,D,view_home,0,0,0,251.0,15,0,1,0,0,19.33,Mid,High,3.8,0,0,0,1,5015.54,4
100121,2025-02-05,Thu,Morning,33,Male,Chennai,Telangana,India,Telugu,Android,Samsung A14,iOS 16,1.1.0,Vi,affiliate,brand_search,C,view_home,0,0,0,202.0,6,0,0,0,0,289.89,High,Low,0.0,1,0,1,0,190.72,1
100122,2025-12-28,Thu,Evening,38,Male,Hyderabad,Karnataka,Canada,English,iOS,iPhone 13,Android 14,2.0.0,Jio,crm,lookalike,C,promo_click,1,0,0,116.0,6,0,0,0,0,235.14,Low,High,0.0,0,0,0,0,44.35,0
100123,2025-08-02,Tue,Evening,48,Female,Pune,Karnataka,India,Tamil,Android,Vivo V27,Android 12,1.1.0,Vi,affiliate,remarketing,E,signup,1,0,1,232.0,5,0,1,0,0,40.12,High,Medium,1.5,1,0,1,1,3847.42,4
100124,2025-06-12,Sun,Morning,27,Female,Mumbai,Rajasthan,India,Tamil,iOS,Vivo V27,Android 12,1.1.0,Other,google,brand_search,C,signup,1,0,0,376.0,11,0,0,0,0,231.34,High,Medium,2.3,1,0,1,1,3801.28,3
100125,2025-08-10,Fri,Morning,56,Male,Jaipur,MP,India,Hindi,Android,iPhone 14,Android 13,1.0.1,BSNL,crm,brand_search,C,view_service,0,0,0,156.0,10,0,1,0,0,129.17,Mid,Medium,1.5,0,0,0,1,2967.09,4
100126,2025-10-14,Thu,Afternoon,48,Male,Kolkata,MP,India,Telugu,Android,Redmi Note,iOS 16,1.1.0,ACT,crm,install_campaign,B,promo_click,0,0,1,148.0,5,0,0,0,0,28.31,High,Medium,0.0,1,0,0,1,2937.87,6
100127,2025-10-30,Thu,Morning,23,Male,Mumbai,Delhi,India,Hindi,iOS,Vivo V27,Android 14,2.1.1,Other,organic,lookalike,A,notification_open,1,1,1,15.0,7,0,1,0,0,161.86,Mid,Medium,3.5,0,0,0,0,59.48,0
100128,2026-02-27,Sat,Afternoon,19,Female,Bengaluru,Karnataka,USA,Bengali,Android,Oppo F21,Android 12,1.2.3,Jio,meta,remarketing,C,promo_click,1,1,0,284.0,6,0,0,0,0,26.65,Low,Low,3.3,0,0,1,0,333.38,1
100129,2025-07-28,Tue,Night,48,Female,Indore,Tamil Nadu,India,Hindi,Android,Oppo F21,Android 13,1.1.0,Airtel,organic,organic,B,app_launch,0,0,1,161.0,7,1,0,0,0,71.03,Low,Medium,1.2,0,0,0,1,2198.35,5
100130,2025-04-21,Tue,Evening,25,Female,Chennai,Tamil Nadu,India,Bengali,Android,Samsung A14,Android 14,2.1.1,Other,crm,brand_search,C,view_service,1,1,1,127.0,8,0,0,0,0,30.28,Mid,Low,2.0,0,0,0,0,368.44,1
100131,2026-02-03,Mon,Evening,27,Male,Chennai,West Bengal,India,Telugu,Android,iPhone 14,Android 13,2.1.1,Jio,crm,brand_search,C,app_launch,1,0,0,281.0,3,0,1,0,0,50.13,High,Medium,2.8,1,0,0,1,3465.35,2
100132,2025-08-31,Tue,Afternoon,20,Female,Indore,Rajasthan,India,Bengali,Android,Samsung A14,Android 14,2.1.1,BSNL,meta,lookalike,A,view_home,1,0,1,195.0,9,0,1,0,0,63.1,Mid,Low,1.5,0,0,1,1,4684.37,4
100133,2025-12-25,Sun,Night,31,Male,Mumbai,West Bengal,India,Tamil,Android,iPhone 14,Android 14,1.0.1,Vi,organic,lookalike,A,view_home,1,0,1,451.0,7,0,0,0,0,269.79,Mid,Medium,1.3,0,0,0,0,359.72,3
100134,2025-09-02,Sat,Morning,37,Female,Bengaluru,Karnataka,India,Hindi,Android,iPhone 13,Android 14,1.0.1,Vi,organic,remarketing,C,view_service,0,1,0,574.0,13,0,1,0,0,30.98,Mid,Medium,5.8,0,1,0,1,6486.33,3
100135,2025-11-07,Wed,Night,18,Female,Delhi,Telangana,India,Tamil,iOS,Oppo F21,Android 12,1.1.0,Vi,referral,welcome_offer,C,view_home,1,1,0,273.0,13,0,1,0,0,262.02,Mid,Low,5.8,0,1,0,1,3117.97,3
100136,2025-10-02,Wed,Afternoon,28,Female,Chennai,Maharashtra,UK,Tamil,Android,Redmi Note,Android 12,2.0.0,Airtel,crm,welcome_offer,A,app_launch,0,1,0,196.0,13,0,1,0,0,107.26,High,Medium,4.5,1,1,0,1,2228.24,4
100137,2025-07-27,Wed,Night,58,Female,Chennai,Delhi,India,Telugu,Android,Redmi Note,Android 13,1.2.3,Other,meta,welcome_offer,D,signup,1,1,1,35.0,11,0,0,0,0,169.51,Mid,Low,3.0,0,0,1,1,3752.63,10
100138,2025-09-11,Wed,Night,24,Female,Kolkata,Delhi,UAE,Hindi,Android,Vivo V27,iOS 17,1.1.0,Vi,meta,install_campaign,C,view_service,0,1,1,172.0,13,1,0,0,0,67.62,Low,Medium,4.2,0,1,1,1,2847.8,14
100139,2025-04-20,Tue,Evening,24,Male,Chennai,Karnataka,India,Bengali,Web,Vivo V27,Android 14,1.0.1,ACT,affiliate,install_campaign,D,signup,1,0,1,245.0,8,1,0,1,0,53.64,High,Medium,3.5,1,0,1,1,1941.96,8
100140,2025-01-30,Thu,Evening,50,Female,Delhi,Telangana,India,Telugu,iOS,iPhone 13,Android 12,2.1.1,BSNL,organic,welcome_offer,C,signup,1,1,0,259.0,11,1,0,0,0,337.37,Low,Low,5.5,0,1,0,1,2853.87,5
100141,2025-06-08,Sun,Night,41,Female,Hyderabad,Karnataka,UAE,English,Android,Oppo F21,iOS 16,2.1.1,Other,organic,remarketing,C,view_service,0,1,1,50.0,7,0,0,0,0,81.27,Mid,Low,2.0,0,0,0,0,330.43,1
100142,2025-12-12,Sat,Morning,55,Male,Hyderabad,West Bengal,India,Tamil,Android,Samsung A14,iOS 16,1.2.3,Vi,referral,lookalike,A,notification_open,0,0,1,311.0,7,0,1,0,0,121.05,Mid,Medium,2.8,0,0,0,1,3335.5,8
100143,2026-05-28,Fri,Afternoon,57,Male,Indore,Maharashtra,India,English,Android,iPhone 14,iOS 17,1.2.3,BSNL,organic,install_campaign,E,app_launch,1,1,1,290.0,11,1,1,0,0,135.11,Mid,Low,7.0,0,1,0,1,1425.43,2
100144,2025-09-20,Wed,Morning,28,Male,Jaipur,Tamil Nadu,UK,Bengali,Android,OnePlus Nord,Android 12,2.1.1,Jio,meta,lookalike,B,app_launch,1,1,1,251.0,7,0,1,0,1,88.64,Premium,Low,7.8,1,1,1,1,1110.73,7
100145,2025-11-12,Mon,Evening,21,Male,Hyderabad,Telangana,India,Tamil,Android,Oppo F21,Android 14,2.0.0,Vi,organic,welcome_offer,C,view_service,1,0,0,232.0,4,0,0,0,0,71.28,Low,Medium,0.0,0,0,0,0,374.98,1
100146,2025-08-02,Sat,Night,43,Male,Chennai,Rajasthan,India,Hindi,Android,Redmi Note,Android 13,2.1.1,Jio,organic,install_campaign,E,view_home,1,0,0,232.0,1,0,0,0,0,154.73,Low,Low,0.0,0,0,0,0,217.37,1
100147,2025-11-16,Sat,Afternoon,41,Male,Kolkata,Rajasthan,India,Hindi,Android,Samsung A14,Android 12,1.2.3,ACT,meta,welcome_offer,C,notification_open,1,1,0,121.0,9,1,0,0,0,94.27,Low,Medium,3.2,0,0,1,0,79.82,1
100148,2025-06-21,Tue,Evening,34,Male,Hyderabad,West Bengal,India,Telugu,Android,Vivo V27,Android 13,1.1.0,Other,meta,remarketing,A,signup,1,0,1,235.0,6,0,0,0,0,122.16,Mid,Low,0.0,0,0,1,1,6109.71,2
100149,2025-01-20,Thu,Afternoon,20,Male,Indore,Karnataka,India,Hindi,Android,Oppo F21,Android 13,2.0.0,ACT,affiliate,welcome_offer,A,signup,1,1,0,178.0,11,0,0,0,0,29.38,Mid,Medium,3.0,0,0,1,1,3542.7,3
100150,2025-08-03,Sat,Afternoon,59,Female,Delhi,Rajasthan,India,Tamil,Android,OnePlus Nord,Android 14,1.2.3,Jio,meta,lookalike,D,notification_open,1,1,0,250.0,7,0,0,1,0,262.78,Mid,High,4.3,0,1,1,1,3452.75,8
100151,2025-04-16,Mon,Evening,28,Male,Kolkata,Maharashtra,India,Tamil,Android,iPhone 13,Android 13,2.1.1,Airtel,meta,organic,D,view_service,0,0,1,249.0,13,0,0,0,0,94.19,High,Low,2.3,1,0,1,0,8.0,3
100152,2024-12-30,Mon,Night,40,Female,Kolkata,Rajasthan,India,Telugu,Android,Redmi Note,iOS 16,1.1.0,Jio,affiliate,lookalike,C,app_launch,1,0,0,129.0,7,0,1,0,0,40.79,Mid,Medium,1.5,0,0,1,1,3432.4,4
100153,2026-01-28,Mon,Afternoon,48,Male,Chennai,Karnataka,India,Tamil,iOS,iPhone 13,Android 12,2.0.0,Other,crm,organic,B,signup,1,0,1,203.0,5,0,1,0,0,36.78,High,Medium,1.5,1,0,0,1,1904.43,4
100154,2025-05-28,Mon,Evening,27,Male,Bengaluru,Tamil Nadu,India,Bengali,Android,Samsung A14,Android 14,2.0.0,Other,organic,welcome_offer,E,signup,1,0,1,82.0,9,1,0,0,0,253.69,Mid,Low,1.2,0,0,0,0,248.71,1
100155,2025-02-08,Sun,Afternoon,37,Female,Indore,Tamil Nadu,UK,Hindi,Android,Samsung A14,Android 13,1.1.0,BSNL,referral,remarketing,E,promo_click,1,0,0,307.0,4,0,1,0,0,19.2,Mid,Low,2.8,0,0,0,1,3156.09,2
100156,2025-01-12,Sat,Afternoon,38,Female,Delhi,Delhi,India,Hindi,Android,Redmi Note,Android 14,2.0.0,BSNL,referral,welcome_offer,A,view_home,1,0,1,326.0,12,1,1,1,0,160.05,Low,Medium,6.0,0,1,0,1,1412.88,9
100157,2026-03-11,Mon,Morning,32,Male,Chennai,Maharashtra,India,Telugu,Android,Oppo F21,Android 14,1.1.0,Airtel,meta,welcome_offer,C,notification_open,0,1,0,298.0,8,0,1,0,0,148.41,Mid,Low,4.8,0,1,1,1,3097.37,4
100158,2024-12-25,Sun,Night,29,Male,Bengaluru,Rajasthan,India,Telugu,iOS,Oppo F21,Android 13,1.0.1,Jio,meta,organic,E,app_launch,0,1,1,224.0,10,0,0,0,0,56.04,Premium,High,2.0,1,0,1,0,128.71,1
100159,2026-02-06,Thu,Night,52,Female,Jaipur,Delhi,India,Bengali,iOS,Samsung A14,iOS 16,1.0.1,BSNL,affiliate,welcome_offer,D,notification_open,1,1,0,181.0,12,0,1,0,0,140.67,High,Medium,4.5,1,1,1,1,3827.96,3
100160,2025-10-15,Tue,Evening,23,Male,Pune,MP,India,Tamil,iOS,Oppo F21,Android 14,1.2.3,Vi,google,remarketing,A,view_home,1,1,1,79.0,10,0,1,1,0,66.36,Mid,Low,4.5,0,1,1,0,149.76,1
100161,2025-01-24,Tue,Evening,46,Female,Pune,Delhi,India,Telugu,Android,Oppo F21,Android 13,1.0.1,Vi,affiliate,remarketing,C,app_launch,1,0,0,230.0,10,0,0,1,0,85.21,High,Medium,1.0,1,0,1,1,1821.17,7
100162,2025-05-21,Sat,Evening,39,Female,Bengaluru,Delhi,India,Telugu,Android,Oppo F21,iOS 17,1.2.3,Vi,crm,brand_search,C,promo_click,1,1,0,297.0,8,0,0,0,0,126.55,Mid,Low,3.3,0,0,0,1,4006.95,1
100163,2025-12-29,Sun,Afternoon,33,Male,Pune,MP,India,Telugu,Android,Redmi Note,Android 14,1.1.0,BSNL,affiliate,install_campaign,E,app_launch,1,0,1,260.0,6,0,1,1,0,48.95,Mid,Low,3.8,0,0,1,0,251.08,1
100164,2025-11-17,Sat,Night,20,Female,Bengaluru,Maharashtra,India,Bengali,Android,Oppo F21,iOS 16,1.2.3,BSNL,crm,welcome_offer,D,notification_open,1,1,0,72.0,9,0,1,0,0,109.26,Premium,Low,3.5,1,0,0,1,1373.26,5
100165,2026-05-11,Mon,Afternoon,28,Male,Delhi,West Bengal,India,Telugu,Android,iPhone 14,Android 14,2.1.1,Vi,meta,organic,E,view_service,0,0,0,76.0,12,1,1,0,0,112.28,High,Medium,3.7,1,0,1,0,227.14,0
100166,2025-09-13,Tue,Morning,49,Female,Indore,Tamil Nadu,India,Tamil,Android,Redmi Note,Android 12,2.0.0,Airtel,referral,organic,D,signup,1,0,0,337.0,6,0,0,0,0,189.9,Mid,Low,1.3,0,0,0,1,3060.61,5
100167,2025-11-12,Mon,Night,45,Male,Jaipur,West Bengal,India,Bengali,Android,Oppo F21,iOS 17,2.1.1,Vi,google,install_campaign,B,app_launch,1,0,0,66.0,6,0,0,0,0,49.02,Low,Low,0.0,0,0,1,0,199.98,2
100168,2025-07-22,Tue,Evening,56,Female,Jaipur,MP,India,Telugu,Android,iPhone 13,iOS 17,1.1.0,Airtel,organic,lookalike,A,signup,1,0,1,147.0,12,0,1,0,0,21.94,Low,Low,2.5,0,0,0,0,102.35,1
100169,2025-10-26,Tue,Evening,18,Male,Chennai,Delhi,USA,English,Android,Oppo F21,Android 12,2.1.1,ACT,referral,welcome_offer,E,signup,0,0,1,72.0,7,0,0,1,0,164.54,Premium,Low,1.0,1,0,0,0,333.64,1
100170,2026-05-07,Sun,Night,37,Female,Indore,Maharashtra,India,Bengali,Android,Samsung A14,Android 12,1.0.1,Airtel,affiliate,remarketing,C,notification_open,0,1,0,157.0,14,1,1,0,0,44.8,High,High,5.7,1,1,1,1,5179.99,3
100171,2025-06-01,Sat,Afternoon,23,Female,Hyderabad,Maharashtra,India,Telugu,Android,iPhone 14,iOS 17,1.2.3,Other,referral,install_campaign,C,view_home,1,0,1,241.0,5,0,0,0,0,261.94,Mid,Medium,1.3,0,0,0,1,1286.5,5
100172,2025-04-28,Sun,Night,45,Male,Chennai,Tamil Nadu,India,Telugu,Android,OnePlus Nord,Android 13,2.1.1,ACT,referral,install_campaign,C,view_service,0,0,1,71.0,12,1,0,0,0,175.73,Low,Low,2.2,0,0,0,1,2623.18,7
100173,2024-12-17,Mon,Night,43,Male,Chennai,Telangana,India,Hindi,Android,iPhone 14,Android 13,2.0.0,Airtel,referral,welcome_offer,B,app_launch,1,0,0,175.0,10,0,1,0,0,85.36,Mid,Low,1.5,0,0,0,1,3143.33,2
100174,2025-02-21,Mon,Evening,32,Male,Delhi,Karnataka,India,Bengali,Android,Redmi Note,Android 14,2.1.1,Jio,meta,brand_search,E,view_home,0,1,0,117.0,9,0,1,0,0,100.08,Mid,Medium,3.5,0,0,1,0,242.44,0
100175,2025-01-30,Sat,Night,48,Female,Hyderabad,Rajasthan,India,Bengali,Android,Samsung A14,Android 12,2.1.1,ACT,affiliate,organic,E,promo_click,0,0,0,116.0,9,0,1,0,0,134.95,Mid,High,1.5,0,0,1,0,65.17,0
100176,2025-01-22,Thu,Evening,33,Female,Hyderabad,Rajasthan,Canada,Telugu,Android,Oppo F21,Android 13,1.2.3,Vi,google,lookalike,C,notification_open,1,0,0,92.0,9,1,1,0,0,206.12,Mid,Medium,2.7,0,0,1,1,2113.64,4
100177,2025-08-06,Mon,Night,50,Other,Mumbai,Maharashtra,UK,Bengali,Android,iPhone 14,Android 13,1.1.0,Vi,meta,lookalike,E,signup,1,1,1,422.0,9,0,0,0,0,74.14,Mid,Low,3.3,0,0,1,1,3206.81,4
100178,2026-03-16,Fri,Afternoon,24,Male,Mumbai,Tamil Nadu,India,Telugu,Android,Vivo V27,Android 14,1.0.1,Other,crm,brand_search,E,signup,1,1,0,199.0,9,0,1,0,0,1.68,Low,Medium,3.5,0,0,0,1,5505.43,4
100179,2025-05-16,Tue,Night,20,Male,Hyderabad,Maharashtra,India,Bengali,iOS,Oppo F21,Android 12,1.0.1,BSNL,affiliate,brand_search,E,signup,1,1,0,244.0,10,0,0,0,0,141.77,Mid,Low,3.3,0,0,1,1,3991.32,3
100180,2025-08-13,Tue,Afternoon,21,Male,Chennai,Rajasthan,India,Hindi,iOS,OnePlus Nord,Android 14,1.0.1,Jio,meta,install_campaign,D,view_home,1,0,0,184.0,8,0,1,1,0,62.57,Mid,Medium,2.5,0,0,1,1,3468.57,5
100181,2025-03-03,Wed,Evening,35,Male,Pune,Karnataka,India,Bengali,Android,Oppo F21,iOS 17,1.1.0,Other,google,remarketing,E,view_home,1,0,0,199.0,11,0,1,0,0,18.54,Mid,High,2.5,0,0,1,0,401.11,1
100182,2026-03-27,Tue,Evening,26,Female,Hyderabad,Telangana,India,Tamil,Android,Oppo F21,iOS 17,2.0.0,Vi,affiliate,organic,C,view_service,1,0,1,245.0,7,0,1,0,0,229.91,Mid,Medium,2.8,0,0,1,1,2018.16,6
100183,2025-08-20,Thu,Afternoon,53,Female,Hyderabad,West Bengal,India,Bengali,Android,iPhone 13,iOS 16,1.0.1,BSNL,referral,organic,A,promo_click,1,1,1,239.0,9,0,0,0,0,28.64,Mid,Medium,2.0,0,0,0,1,4753.2,7
100184,2026-04-02,Sun,Night,46,Female,Chennai,Maharashtra,India,Hindi,Android,iPhone 13,iOS 16,1.1.0,ACT,organic,lookalike,B,promo_click,1,0,1,241.0,5,0,1,0,0,162.56,Mid,High,2.8,0,0,0,1,3353.6,2
100185,2025-12-05,Fri,Night,37,Male,Pune,Karnataka,India,Tamil,Web,iPhone 14,Android 13,2.0.0,Vi,meta,brand_search,D,app_launch,1,0,0,130.0,14,1,0,0,0,155.0,Low,Medium,2.2,0,0,1,0,48.39,3
100186,2025-11-06,Fri,Night,54,Male,Hyderabad,Rajasthan,India,Hindi,Android,Oppo F21,Android 12,1.0.1,Airtel,crm,organic,E,notification_open,1,1,0,91.0,12,0,1,0,0,192.12,Mid,Low,4.5,0,1,0,1,1423.91,3
100187,2026-03-04,Mon,Afternoon,38,Female,Hyderabad,Tamil Nadu,India,Bengali,iOS,Oppo F21,Android 12,2.0.0,ACT,meta,organic,E,signup,1,0,1,310.0,9,0,1,0,0,101.36,Mid,High,2.8,0,0,1,1,2119.93,5
100188,2026-02-06,Mon,Morning,39,Male,Chennai,Rajasthan,India,Tamil,Android,Redmi Note,Android 13,2.0.0,Airtel,meta,welcome_offer,D,promo_click,0,0,1,342.0,8,0,0,0,1,165.59,Mid,Medium,4.3,0,1,1,1,6638.94,7
100189,2025-10-14,Fri,Evening,24,Male,Bengaluru,Maharashtra,UAE,Hindi,Android,Redmi Note,iOS 16,1.2.3,Jio,affiliate,install_campaign,D,view_service,1,0,1,138.0,7,0,1,0,0,207.33,Premium,Low,1.5,1,0,1,1,1397.96,4
100190,2026-03-14,Mon,Evening,36,Male,Hyderabad,Maharashtra,India,Tamil,Android,Oppo F21,Android 14,1.1.0,Airtel,crm,organic,A,view_service,1,0,1,202.0,13,0,0,0,0,4.83,Low,Medium,1.0,0,0,0,1,3413.27,6
100191,2025-05-04,Sat,Night,40,Female,Indore,West Bengal,India,English,Android,Samsung A14,Android 12,1.2.3,ACT,crm,brand_search,E,view_home,0,1,1,394.0,11,1,1,0,0,124.91,Low,High,7.0,0,1,0,1,3786.39,6
100192,2026-01-19,Thu,Evening,48,Female,Jaipur,Delhi,India,Hindi,Android,Vivo V27,Android 14,1.0.1,Jio,affiliate,install_campaign,B,view_service,1,0,1,120.0,11,0,1,0,0,16.76,Low,Medium,2.5,0,0,1,1,3240.01,8
100193,2025-05-28,Sat,Night,54,Other,Indore,Karnataka,India,Hindi,Android,Samsung A14,iOS 16,1.2.3,Jio,organic,brand_search,C,app_launch,1,1,1,154.0,12,1,0,0,0,112.13,Mid,Low,4.2,0,1,0,1,2417.14,6
100194,2025-07-05,Mon,Afternoon,31,Female,Kolkata,MP,India,Hindi,Android,Vivo V27,Android 14,2.1.1,Jio,referral,lookalike,D,view_service,0,1,1,324.0,11,1,1,1,1,143.65,Mid,Low,11.0,0,1,0,1,4044.39,4
100195,2025-10-14,Mon,Evening,56,Female,Pune,MP,India,English,Android,iPhone 13,iOS 17,2.1.1,Other,google,install_campaign,B,view_service,1,1,1,155.0,5,0,1,0,0,110.62,High,High,3.5,1,0,1,1,3671.6,3
100196,2025-10-20,Sun,Night,24,Male,Indore,Rajasthan,India,English,Android,Samsung A14,iOS 16,1.1.0,Airtel,google,welcome_offer,A,view_home,1,0,0,72.0,7,1,0,0,0,236.4,High,Low,1.2,1,0,1,1,4421.99,4
100197,2026-05-25,Sun,Night,26,Female,Pune,Telangana,India,Telugu,Android,OnePlus Nord,iOS 17,1.1.0,Other,organic,install_campaign,C,signup,1,0,0,59.0,11,0,1,0,0,162.06,High,Low,2.5,1,0,0,1,3893.21,8
100198,2025-03-14,Sat,Night,36,Male,Jaipur,Karnataka,India,Bengali,Android,iPhone 13,Android 12,2.1.1,Other,referral,organic,D,promo_click,1,0,0,445.0,8,1,0,0,0,260.64,Mid,Medium,2.5,0,0,0,0,326.33,0
100199,2026-04-04,Wed,Night,37,Male,Jaipur,Rajasthan,India,Hindi,Android,Vivo V27,Android 14,2.1.1,BSNL,crm,remarketing,E,promo_click,1,1,1,19.0,7,0,1,0,0,29.64,Premium,Low,3.5,1,0,0,0,300.74,0
100200,2026-01-27,Mon,Evening,47,Male,Hyderabad,Delhi,India,Bengali,iOS,Samsung A14,Android 13,1.2.3,Airtel,affiliate,brand_search,D,notification_open,1,1,1,254.0,11,1,0,0,0,104.35,Mid,Medium,5.5,0,1,1,1,3100.06,8
100201,2026-03-16,Wed,Night,26,Female,Chennai,Karnataka,India,Telugu,Android,OnePlus Nord,Android 14,2.0.0,Jio,organic,lookalike,B,signup,1,0,0,387.0,13,0,0,0,1,74.97,Mid,Medium,5.3,0,1,0,1,3365.91,5
100202,2025-03-23,Sat,Night,49,Male,Jaipur,Rajasthan,India,Telugu,Android,Samsung A14,iOS 17,2.0.0,Airtel,affiliate,remarketing,E,view_home,1,0,0,414.0,9,1,0,0,0,58.2,Mid,High,2.5,0,0,1,1,4634.9,4
100203,2026-01-03,Thu,Morning,21,Male,Pune,MP,India,Telugu,Android,OnePlus Nord,iOS 17,1.1.0,Airtel,google,organic,E,app_launch,1,0,0,110.0,5,0,1,0,0,58.58,Mid,Low,1.5,0,0,1,0,361.97,0
100204,2025-03-26,Sat,Morning,37,Male,Delhi,Karnataka,India,Bengali,Android,OnePlus Nord,iOS 16,1.2.3,ACT,crm,organic,C,view_service,0,0,0,335.0,4,0,0,0,1,32.1,Mid,Medium,4.3,0,1,0,1,1124.56,5
100205,2025-11-11,Mon,Morning,28,Female,Chennai,Rajasthan,UAE,Hindi,Android,iPhone 13,Android 12,2.1.1,BSNL,google,welcome_offer,B,promo_click,0,1,1,71.0,6,0,0,0,0,42.83,Low,Low,2.0,0,0,1,1,1154.88,7
100206,2025-09-13,Mon,Evening,56,Female,Delhi,Telangana,India,English,iOS,iPhone 13,Android 12,1.0.1,Jio,organic,lookalike,C,view_service,1,1,1,175.0,10,0,1,0,0,60.99,Low,Low,3.5,0,0,0,0,108.81,0
100207,2025-07-27,Thu,Night,58,Male,Kolkata,Tamil Nadu,India,Hindi,iOS,Vivo V27,iOS 17,2.0.0,BSNL,crm,lookalike,A,notification_open,1,1,0,243.0,4,0,0,1,0,452.79,Low,High,4.3,0,1,0,1,2162.26,4
100208,2025-09-17,Thu,Evening,52,Female,Delhi,Maharashtra,India,Tamil,Android,Oppo F21,Android 13,2.0.0,Vi,referral,organic,B,notification_open,1,0,1,64.0,6,1,1,0,1,257.3,Low,High,5.7,0,1,0,1,2683.81,6
100209,2026-04-28,Sat,Afternoon,34,Female,Hyderabad,Rajasthan,India,Bengali,Web,Vivo V27,Android 14,1.0.1,Other,crm,organic,D,view_service,0,0,1,387.0,14,1,1,0,0,43.15,Low,Medium,5.0,0,1,0,1,1246.0,6
100210,2025-08-07,Thu,Afternoon,59,Male,Chennai,Telangana,India,English,Android,Redmi Note,iOS 17,1.0.1,Jio,referral,organic,E,signup,0,0,1,378.0,15,0,1,0,0,286.56,Low,Medium,3.8,0,0,0,0,52.66,2
100211,2025-06-23,Thu,Night,25,Male,Jaipur,Delhi,India,Hindi,Android,Oppo F21,iOS 17,2.0.0,Other,organic,install_campaign,D,notification_open,1,1,0,204.0,10,1,1,1,0,33.34,Low,Low,5.7,0,1,0,1,6362.04,3
100212,2025-07-30,Sun,Afternoon,57,Female,Indore,Maharashtra,India,Tamil,Android,Samsung A14,iOS 17,2.0.0,Airtel,referral,brand_search,A,view_service,1,1,0,234.0,5,1,0,1,1,50.97,Mid,High,7.2,0,1,0,1,1822.12,2
100213,2025-06-30,Sat,Evening,34,Male,Hyderabad,Karnataka,India,English,iOS,OnePlus Nord,Android 14,1.2.3,BSNL,google,install_campaign,A,view_home,0,1,0,99.0,9,1,0,1,0,338.02,Low,Medium,4.2,0,1,1,1,2354.25,5
100214,2025-02-11,Sat,Morning,47,Female,Jaipur,Tamil Nadu,India,Telugu,iOS,Samsung A14,iOS 16,2.0.0,Vi,meta,install_campaign,B,signup,0,1,1,403.0,10,1,1,0,0,115.45,Low,Medium,6.0,0,1,1,1,5487.99,3
100215,2025-06-04,Mon,Afternoon,50,Female,Bengaluru,Telangana,India,Hindi,Android,iPhone 14,Android 14,1.1.0,Other,referral,organic,D,promo_click,1,0,0,167.0,9,0,0,0,0,190.93,Low,Medium,0.0,0,0,0,1,8300.53,8
100216,2025-02-27,Thu,Afternoon,58,Male,Kolkata,West Bengal,India,Hindi,Android,OnePlus Nord,Android 12,1.0.1,ACT,organic,lookalike,C,notification_open,1,0,1,112.0,8,0,0,1,0,170.67,Low,Low,1.0,0,0,0,0,50.79,0
100217,2024-12-14,Fri,Morning,58,Male,Delhi,Delhi,India,English,Android,Samsung A14,Android 13,1.0.1,BSNL,affiliate,organic,D,app_launch,1,0,0,152.0,13,0,0,0,0,74.03,Mid,Medium,1.0,0,0,1,1,2375.44,6
100218,2025-11-24,Sun,Evening,29,Male,Delhi,Tamil Nadu,UAE,Bengali,iOS,iPhone 13,Android 13,2.0.0,Other,affiliate,brand_search,E,view_home,1,0,1,68.0,13,0,0,0,1,198.44,Mid,High,4.0,0,1,1,0,421.91,2
100219,2026-02-22,Sat,Afternoon,51,Male,Hyderabad,Delhi,India,English,Android,OnePlus Nord,Android 13,1.0.1,Jio,meta,organic,B,promo_click,1,1,1,555.0,9,1,0,1,1,101.47,Low,Low,8.5,0,1,1,1,2614.95,3
100220,2025-01-16,Mon,Afternoon,57,Male,Hyderabad,Delhi,India,English,Android,iPhone 13,Android 13,2.1.1,BSNL,meta,install_campaign,B,view_service,1,1,1,155.0,12,0,1,0,0,92.05,Mid,Low,4.5,0,1,1,1,3150.86,4
100221,2026-05-07,Thu,Afternoon,54,Male,Hyderabad,Maharashtra,India,Hindi,Android,Vivo V27,iOS 16,2.0.0,Vi,google,welcome_offer,C,view_home,1,1,1,132.0,11,0,0,0,0,161.92,High,High,3.0,1,0,1,1,3543.18,7
100222,2025-10-04,Mon,Morning,55,Male,Chennai,Tamil Nadu,India,English,iOS,Redmi Note,Android 14,1.1.0,Jio,affiliate,welcome_offer,D,view_service,1,0,1,190.0,6,0,1,0,0,203.22,Low,Low,1.5,0,0,1,1,5027.6,6
100223,2025-07-18,Mon,Night,32,Male,Chennai,MP,USA,Telugu,Android,iPhone 13,iOS 17,1.1.0,Other,affiliate,brand_search,E,notification_open,1,0,0,519.0,4,0,1,0,0,23.33,Low,Medium,2.8,0,0,1,1,2184.18,3
100224,2025-12-28,Fri,Morning,40,Male,Hyderabad,Rajasthan,India,Hindi,Android,iPhone 13,Android 13,1.1.0,BSNL,referral,brand_search,A,view_service,0,0,1,108.0,6,0,1,0,0,59.23,Low,Medium,1.5,0,0,0,0,167.52,3
100225,2026-04-24,Wed,Night,41,Male,Hyderabad,Telangana,India,English,Android,Oppo F21,iOS 16,1.0.1,ACT,referral,organic,B,signup,1,1,1,21.0,8,0,0,0,0,39.9,Mid,Medium,2.0,0,0,0,0,935.26,1
100226,2024-12-13,Sun,Evening,52,Female,Chennai,West Bengal,India,English,Android,Samsung A14,Android 13,1.2.3,Airtel,affiliate,welcome_offer,B,signup,1,1,1,322.0,8,0,0,0,1,24.58,Low,Medium,6.3,0,1,1,1,2357.74,7
100227,2025-11-12,Sat,Night,48,Male,Pune,Rajasthan,India,Tamil,Android,iPhone 14,iOS 16,2.0.0,Other,affiliate,brand_search,D,view_home,1,1,1,130.0,12,0,0,0,1,43.09,Mid,Low,6.0,0,1,1,1,1404.46,3
100228,2025-06-19,Thu,Evening,35,Male,Jaipur,Rajasthan,India,Tamil,iOS,iPhone 14,iOS 17,2.0.0,Other,crm,remarketing,D,notification_open,1,1,1,161.0,7,0,1,1,0,328.53,Mid,High,4.5,0,1,0,1,3220.5,6
100229,2025-02-18,Wed,Night,53,Female,Pune,Tamil Nadu,UK,Telugu,Web,Oppo F21,Android 14,1.0.1,Airtel,crm,install_campaign,A,signup,1,0,1,111.0,6,0,0,0,0,82.11,Mid,Low,0.0,0,0,0,1,5101.01,5
100230,2025-12-18,Fri,Morning,50,Female,Mumbai,Maharashtra,UAE,Hindi,Android,OnePlus Nord,iOS 16,1.1.0,ACT,referral,organic,B,notification_open,0,0,1,182.0,3,1,1,0,0,73.14,High,Low,2.7,1,0,0,1,3992.07,4
100231,2026-04-26,Sat,Evening,28,Male,Hyderabad,Telangana,USA,Tamil,Android,iPhone 13,iOS 17,1.2.3,Vi,organic,organic,A,notification_open,1,0,1,70.0,10,0,1,0,1,162.8,High,High,4.5,1,1,0,1,5791.42,5
100232,2025-02-07,Mon,Night,58,Male,Indore,MP,India,Bengali,Android,Redmi Note,Android 12,1.1.0,Jio,google,welcome_offer,C,promo_click,1,0,0,144.0,6,1,1,1,0,46.59,High,Low,3.7,1,0,1,1,1576.61,4
100233,2025-04-24,Thu,Evening,24,Male,Kolkata,West Bengal,USA,Tamil,Android,Vivo V27,iOS 17,1.0.1,Jio,meta,install_campaign,C,promo_click,0,0,0,78.0,7,0,1,0,0,158.65,Low,Medium,1.5,0,0,1,1,821.97,5
100234,2025-07-27,Tue,Night,26,Female,Bengaluru,West Bengal,India,Telugu,iOS,iPhone 14,Android 12,1.2.3,Jio,google,welcome_offer,E,view_service,0,0,0,172.0,7,1,0,0,0,92.62,Low,High,1.2,0,0,1,1,3409.96,5
100235,2025-06-08,Wed,Night,57,Male,Chennai,West Bengal,India,Bengali,Android,Samsung A14,iOS 17,1.0.1,BSNL,meta,organic,A,signup,0,1,1,285.0,13,0,1,0,0,7.21,Mid,Low,5.8,0,1,1,1,6113.46,3
100236,2025-05-29,Wed,Morning,33,Female,Chennai,Delhi,India,Hindi,Android,iPhone 13,iOS 16,2.1.1,BSNL,referral,install_campaign,D,notification_open,1,1,0,140.0,7,1,0,0,0,102.25,Mid,High,3.2,0,0,0,0,46.43,1
100237,2025-04-12,Mon,Afternoon,56,Female,Jaipur,Rajasthan,India,Bengali,Android,Vivo V27,iOS 17,1.1.0,Vi,referral,brand_search,B,notification_open,1,0,1,338.0,5,1,0,0,0,27.17,High,High,2.5,1,0,0,1,2554.65,4
100238,2025-12-16,Mon,Evening,59,Male,Bengaluru,Karnataka,India,Telugu,Android,Oppo F21,Android 13,1.0.1,Jio,referral,organic,E,signup,1,0,0,235.0,7,0,1,1,0,46.56,High,High,2.5,1,0,0,0,203.9,1
100239,2025-05-05,Mon,Evening,59,Male,Indore,Maharashtra,India,Bengali,Android,Vivo V27,Android 14,1.1.0,Vi,organic,remarketing,B,promo_click,1,0,0,192.0,8,0,1,0,0,23.49,Mid,Medium,1.5,0,0,0,0,508.05,1
100240,2026-05-04,Sun,Night,22,Female,Jaipur,Tamil Nadu,India,English,iOS,Samsung A14,Android 12,2.1.1,ACT,organic,remarketing,A,promo_click,1,1,0,86.0,5,0,1,0,1,299.58,High,Medium,6.5,1,1,0,0,326.15,1
100241,2026-03-26,Tue,Morning,34,Male,Jaipur,Tamil Nadu,India,Telugu,Android,Samsung A14,iOS 16,1.2.3,Vi,organic,organic,A,view_service,0,0,0,166.0,5,0,0,0,1,86.62,Mid,Medium,3.0,0,0,0,1,3890.45,2
100242,2025-06-29,Fri,Evening,24,Male,Bengaluru,Telangana,India,Tamil,Android,Oppo F21,Android 12,1.2.3,Jio,meta,remarketing,D,promo_click,0,1,1,147.0,4,0,0,0,0,28.9,Mid,Medium,2.0,0,0,1,0,126.55,0
100243,2026-02-12,Sun,Evening,54,Female,Kolkata,MP,India,Bengali,iOS,Vivo V27,iOS 17,1.2.3,BSNL,meta,brand_search,D,view_service,1,0,0,191.0,6,0,0,0,0,39.5,Low,High,0.0,0,0,1,0,50.74,1
100244,2025-03-17,Mon,Afternoon,22,Female,Kolkata,Karnataka,India,Hindi,Android,iPhone 13,Android 12,1.2.3,Other,referral,welcome_offer,D,view_service,0,0,1,160.0,11,0,0,0,0,125.49,Low,Low,1.0,0,0,0,0,281.47,0
100245,2025-06-14,Thu,Morning,30,Male,Indore,MP,India,Tamil,iOS,iPhone 14,iOS 17,1.2.3,Airtel,affiliate,brand_search,A,notification_open,1,1,1,33.0,8,0,1,0,0,108.32,Low,Medium,3.5,0,0,1,0,400.54,1
100246,2025-08-01,Sat,Evening,47,Male,Chennai,Maharashtra,India,Telugu,iOS,OnePlus Nord,iOS 17,2.0.0,ACT,organic,lookalike,E,signup,1,1,0,55.0,5,1,0,0,0,166.84,Low,Low,3.2,0,0,0,0,828.55,1
100247,2025-01-15,Sun,Night,22,Male,Chennai,MP,India,Hindi,iOS,OnePlus Nord,iOS 16,1.1.0,Jio,affiliate,welcome_offer,E,signup,0,0,0,103.0,7,0,1,1,0,28.89,Premium,Low,2.5,1,0,1,0,25.47,1
100248,2025-01-16,Wed,Afternoon,55,Female,Pune,Telangana,India,Tamil,Android,Samsung A14,Android 14,2.1.1,Other,meta,welcome_offer,A,app_launch,1,0,1,172.0,6,0,1,0,0,39.8,Low,Low,1.5,0,0,1,0,560.79,2
100249,2025-05-23,Wed,Afternoon,19,Other,Mumbai,West Bengal,USA,Hindi,iOS,Oppo F21,Android 14,2.0.0,Other,google,remarketing,A,app_launch,1,1,0,146.0,3,1,1,1,1,57.78,High,High,8.7,1,1,1,1,7271.76,3
100250,2025-12-29,Thu,Afternoon,22,Female,Hyderabad,Maharashtra,India,Tamil,Android,Samsung A14,Android 14,1.0.1,Airtel,affiliate,remarketing,B,notification_open,1,0,0,26.0,6,0,1,0,0,101.5,Mid,Low,1.5,0,0,1,0,44.6,1
100251,2025-09-17,Sat,Night,32,Male,Bengaluru,Maharashtra,USA,Hindi,Android,OnePlus Nord,iOS 17,2.0.0,Airtel,organic,brand_search,D,promo_click,0,1,1,107.0,5,0,1,0,0,77.49,Mid,Medium,3.5,0,0,0,1,1274.9,6
100252,2025-08-03,Fri,Night,47,Male,Kolkata,Tamil Nadu,UK,Hindi,Android,iPhone 13,iOS 17,2.1.1,Jio,google,install_campaign,C,app_launch,0,1,0,144.0,10,0,1,0,0,59.73,Premium,Low,3.5,1,0,1,1,3975.1,4
100253,2025-10-12,Wed,Night,26,Female,Pune,Karnataka,India,Tamil,iOS,Oppo F21,iOS 16,2.1.1,Jio,affiliate,organic,C,promo_click,1,0,0,530.0,3,0,0,0,0,176.44,Mid,Medium,1.3,0,0,1,1,2061.47,4
100254,2025-05-02,Tue,Afternoon,54,Male,Kolkata,Maharashtra,India,English,Web,Vivo V27,iOS 16,2.1.1,Vi,meta,brand_search,D,notification_open,1,0,1,56.0,4,0,0,1,0,202.97,Mid,High,1.0,0,0,1,0,157.14,3
100255,2025-06-12,Fri,Afternoon,48,Female,Chennai,Karnataka,India,English,Android,OnePlus Nord,Android 14,1.0.1,ACT,organic,welcome_offer,A,signup,1,1,0,344.0,11,0,0,0,0,293.54,High,Medium,4.3,1,1,0,1,6623.5,5
100256,2025-02-10,Tue,Morning,58,Male,Pune,Telangana,India,Telugu,Android,iPhone 13,Android 13,2.0.0,BSNL,affiliate,welcome_offer,C,view_service,0,1,1,191.0,9,0,0,0,0,326.18,Mid,Low,2.0,0,0,1,1,3193.17,4
100257,2025-10-19,Mon,Afternoon,42,Female,Jaipur,Karnataka,India,Tamil,iOS,Redmi Note,Android 13,2.0.0,Jio,organic,lookalike,C,notification_open,0,1,1,136.0,7,0,0,0,1,140.3,Low,Low,5.0,0,1,0,1,2142.98,6
100258,2025-02-09,Thu,Night,40,Male,Pune,Telangana,USA,Hindi,Android,Oppo F21,Android 12,1.1.0,ACT,referral,welcome_offer,C,promo_click,1,0,0,180.0,7,0,0,0,0,239.35,Mid,Low,0.0,0,0,0,1,1876.01,5
100259,2026-03-09,Mon,Afternoon,19,Male,Delhi,Delhi,India,Telugu,Android,Redmi Note,iOS 16,1.2.3,BSNL,google,install_campaign,D,notification_open,1,0,0,59.0,8,0,1,0,0,18.71,Low,Medium,1.5,0,0,1,1,1388.26,6
100260,2025-10-09,Tue,Evening,30,Male,Indore,MP,India,English,Android,Samsung A14,Android 13,2.1.1,Airtel,crm,welcome_offer,C,view_home,1,0,1,196.0,10,1,0,0,0,54.51,High,Low,1.2,1,0,0,1,1558.81,6
100261,2025-08-21,Fri,Night,45,Female,Kolkata,West Bengal,India,English,Android,Redmi Note,iOS 16,1.2.3,ACT,organic,organic,A,app_launch,1,0,1,86.0,12,0,1,0,0,21.21,Premium,Medium,2.5,1,0,0,1,2105.15,5
100262,2025-08-19,Thu,Night,29,Female,Pune,Karnataka,India,Tamil,Android,Vivo V27,Android 14,1.1.0,Other,referral,welcome_offer,E,signup,1,0,0,164.0,10,0,0,0,0,203.14,Mid,Low,0.0,0,0,0,0,122.7,2
100263,2026-04-10,Mon,Evening,23,Female,Delhi,Karnataka,India,Bengali,Android,Redmi Note,iOS 16,2.1.1,Vi,referral,brand_search,B,signup,1,0,0,96.0,14,0,1,0,1,92.76,High,Medium,5.5,1,1,0,1,7578.09,4
100264,2025-09-13,Mon,Morning,32,Male,Pune,West Bengal,UK,Hindi,Android,iPhone 14,iOS 16,1.2.3,Other,meta,welcome_offer,D,view_home,0,0,0,107.0,5,0,1,0,0,266.57,Mid,Low,1.5,0,0,1,0,109.23,2
100265,2025-04-22,Wed,Night,53,Female,Kolkata,Karnataka,India,Hindi,Android,iPhone 13,iOS 17,2.1.1,ACT,organic,install_campaign,E,app_launch,1,1,1,215.0,7,1,1,0,0,53.24,Mid,High,4.7,0,1,0,1,3288.8,4
100266,2025-01-24,Sun,Night,21,Male,Bengaluru,Delhi,UAE,Tamil,Android,iPhone 14,iOS 16,1.2.3,ACT,google,install_campaign,D,view_service,1,0,1,238.0,11,0,1,0,0,198.38,Mid,High,2.5,0,0,1,1,3700.1,3
100267,2025-10-23,Fri,Morning,32,Male,Kolkata,Telangana,India,Hindi,Android,iPhone 14,iOS 17,2.1.1,Jio,meta,install_campaign,D,promo_click,1,0,1,193.0,6,0,0,0,0,41.95,Mid,Low,0.0,0,0,1,1,2446.29,5
100268,2025-09-25,Sat,Evening,57,Male,Hyderabad,Telangana,India,English,Android,iPhone 14,Android 14,1.2.3,ACT,affiliate,remarketing,C,promo_click,1,0,0,258.0,6,0,1,0,0,82.41,High,Low,2.8,1,0,1,1,3463.91,6
100269,2025-08-07,Wed,Afternoon,49,Male,Hyderabad,Delhi,India,Telugu,Android,Oppo F21,Android 13,2.1.1,BSNL,crm,lookalike,D,notification_open,0,1,1,66.0,9,0,1,1,0,75.72,Low,Medium,4.5,0,1,0,0,343.44,0
100270,2025-04-10,Sat,Evening,22,Female,Delhi,Maharashtra,USA,Bengali,iOS,Redmi Note,Android 12,1.2.3,Jio,referral,organic,E,view_service,0,0,1,167.0,11,1,1,0,0,59.83,Low,Medium,3.7,0,0,0,1,1867.01,5
100271,2025-08-13,Tue,Night,47,Male,Bengaluru,Rajasthan,India,Hindi,iOS,iPhone 13,Android 12,1.2.3,BSNL,meta,lookalike,D,signup,1,0,0,557.0,13,0,1,1,0,112.27,Low,Low,4.8,0,1,1,1,1543.87,4
100272,2025-11-19,Fri,Evening,20,Male,Pune,Tamil Nadu,India,Tamil,Android,Oppo F21,iOS 17,1.2.3,Jio,affiliate,welcome_offer,C,view_service,1,0,0,374.0,9,0,1,0,1,190.78,Low,Low,5.8,0,1,1,1,2810.08,4
100273,2026-01-26,Fri,Morning,42,Female,Delhi,Rajasthan,India,Telugu,iOS,Redmi Note,iOS 16,1.2.3,Airtel,google,remarketing,E,app_launch,1,0,1,66.0,8,0,1,1,0,93.55,Mid,Medium,2.5,0,0,1,0,684.48,1
100274,2025-05-02,Sat,Night,50,Female,Jaipur,Telangana,India,Hindi,iOS,iPhone 13,iOS 16,2.0.0,Vi,meta,brand_search,B,signup,1,1,1,322.0,15,0,1,0,0,86.78,Low,Medium,5.8,0,1,1,1,2726.03,7
100275,2025-12-02,Wed,Morning,31,Female,Delhi,Rajasthan,UAE,Tamil,Android,Vivo V27,Android 12,2.0.0,Vi,affiliate,remarketing,E,view_home,1,0,1,230.0,9,0,1,0,0,126.55,Mid,Medium,1.5,0,0,1,0,548.36,3
100276,2025-05-09,Thu,Afternoon,53,Female,Indore,Karnataka,India,English,Android,iPhone 13,Android 13,2.0.0,ACT,affiliate,lookalike,D,view_service,1,1,0,56.0,12,0,1,0,0,257.91,Mid,Low,4.5,0,1,1,0,241.24,1
100277,2025-11-21,Mon,Night,36,Female,Indore,Tamil Nadu,USA,Telugu,iOS,iPhone 14,Android 12,2.1.1,Vi,referral,install_campaign,B,signup,1,1,0,82.0,5,1,0,0,0,71.18,Low,Low,3.2,0,0,0,0,112.78,1
100278,2026-03-03,Sun,Morning,30,Male,Jaipur,Tamil Nadu,India,Hindi,Android,Vivo V27,Android 12,2.0.0,Airtel,meta,lookalike,E,promo_click,0,1,1,331.0,5,1,1,0,1,145.77,Low,Medium,9.0,0,1,1,1,2701.27,5
100279,2026-03-15,Thu,Evening,28,Male,Delhi,Telangana,India,Bengali,iOS,Vivo V27,iOS 16,2.1.1,Jio,affiliate,install_campaign,A,promo_click,0,1,1,189.0,4,0,1,0,0,50.04,Mid,Medium,3.5,0,0,1,0,19.54,1
100280,2025-04-10,Sun,Morning,28,Male,Bengaluru,Maharashtra,India,English,Web,Oppo F21,Android 12,1.2.3,BSNL,crm,lookalike,A,app_launch,1,0,1,563.0,3,0,0,1,0,191.12,Mid,Low,2.3,0,0,0,1,926.11,6
100281,2024-12-06,Sun,Night,38,Female,Chennai,Telangana,India,Telugu,Android,Samsung A14,iOS 17,1.0.1,BSNL,organic,lookalike,B,notification_open,1,0,1,493.0,10,0,0,0,1,194.29,Low,Medium,4.3,0,1,0,0,340.54,2
100282,2026-05-17,Fri,Morning,50,Female,Indore,West Bengal,India,Hindi,Android,OnePlus Nord,iOS 16,1.0.1,ACT,affiliate,brand_search,A,view_home,0,0,1,120.0,11,1,0,1,0,74.1,Low,Medium,3.2,0,0,1,0,841.51,2
100283,2025-07-07,Thu,Night,33,Male,Bengaluru,Maharashtra,India,English,Android,iPhone 14,iOS 16,1.0.1,Vi,crm,install_campaign,D,view_service,0,0,1,391.0,12,1,0,0,1,199.25,High,Medium,6.5,1,1,0,0,228.41,1
100284,2026-03-30,Sun,Evening,52,Female,Indore,Rajasthan,India,English,Android,OnePlus Nord,Android 14,1.2.3,Jio,meta,remarketing,D,view_home,1,1,0,124.0,6,1,0,0,0,175.99,Low,Medium,3.2,0,0,1,0,311.78,1
100285,2026-02-18,Wed,Afternoon,39,Male,Pune,MP,India,English,iOS,iPhone 14,iOS 16,1.0.1,Airtel,google,brand_search,B,signup,1,1,1,126.0,10,0,1,0,0,586.1,Mid,Low,3.5,0,0,1,1,3139.08,3
100286,2025-01-19,Thu,Evening,54,Female,Pune,Maharashtra,India,Telugu,Android,Redmi Note,Android 13,2.0.0,Jio,google,lookalike,B,app_launch,1,0,1,108.0,11,0,1,1,0,352.63,Low,Low,3.5,0,0,1,0,98.65,0
100287,2025-06-03,Thu,Afternoon,49,Female,Indore,Karnataka,India,Hindi,Android,iPhone 13,Android 14,1.0.1,ACT,referral,remarketing,C,promo_click,1,0,0,328.0,7,1,0,0,0,71.67,High,Medium,2.5,1,0,0,0,260.2,1
100288,2025-01-24,Sun,Morning,47,Male,Pune,Maharashtra,UK,English,Android,Redmi Note,Android 13,2.1.1,ACT,affiliate,brand_search,E,view_home,1,1,1,187.0,5,0,0,0,0,69.43,Mid,Low,2.0,0,0,1,1,1093.41,5
100289,2025-12-12,Sun,Evening,18,Other,Kolkata,Delhi,India,Telugu,iOS,Redmi Note,iOS 16,1.2.3,BSNL,affiliate,organic,C,notification_open,1,1,0,64.0,7,0,1,0,0,125.48,Low,Medium,3.5,0,0,1,1,3707.11,9
100290,2026-01-05,Mon,Evening,24,Female,Kolkata,Telangana,UK,Bengali,Android,Redmi Note,Android 12,1.2.3,BSNL,google,organic,B,signup,1,0,0,108.0,7,0,0,1,0,232.2,Mid,Low,1.0,0,0,1,0,39.08,1
100291,2025-04-21,Fri,Evening,42,Female,Chennai,Telangana,India,English,Android,iPhone 13,iOS 16,1.1.0,BSNL,meta,remarketing,D,signup,1,1,1,238.0,13,0,0,0,0,267.34,Low,Medium,3.0,0,0,1,1,3475.33,10
100292,2024-12-27,Sat,Evening,54,Male,Delhi,Rajasthan,India,English,Android,Redmi Note,iOS 17,1.0.1,ACT,referral,welcome_offer,B,view_home,1,0,1,322.0,6,0,0,0,0,127.05,Low,Low,1.3,0,0,0,0,329.52,2
100293,2025-06-28,Sat,Evening,40,Female,Hyderabad,Karnataka,USA,Hindi,Web,Redmi Note,Android 12,1.0.1,Other,organic,install_campaign,B,app_launch,0,0,1,230.0,8,1,0,0,0,115.11,Low,Low,1.2,0,0,0,1,4025.97,5
100294,2025-06-23,Wed,Night,32,Female,Chennai,Tamil Nadu,India,Tamil,Android,Vivo V27,iOS 17,2.1.1,Jio,referral,brand_search,E,notification_open,1,0,0,62.0,15,0,0,0,0,97.48,Mid,Low,1.0,0,0,0,1,3396.06,6
100295,2025-01-30,Mon,Morning,45,Male,Hyderabad,Maharashtra,India,Tamil,Android,iPhone 14,iOS 16,1.0.1,Jio,affiliate,welcome_offer,E,notification_open,1,0,0,309.0,3,0,0,1,0,39.22,Mid,Low,2.3,0,0,1,0,46.38,3
100296,2026-05-21,Sat,Evening,18,Male,Kolkata,Tamil Nadu,India,Tamil,iOS,iPhone 13,iOS 16,2.1.1,Other,referral,brand_search,A,notification_open,1,1,0,32.0,8,1,1,0,0,150.23,Premium,High,4.7,1,1,0,0,86.22,2
100297,2025-10-04,Thu,Morning,44,Male,Hyderabad,Maharashtra,UK,Hindi,Android,Samsung A14,Android 14,2.1.1,Other,meta,welcome_offer,B,app_launch,1,0,1,235.0,5,1,0,0,0,12.9,Mid,Medium,1.2,0,0,1,1,4906.85,6
100298,2025-02-08,Sun,Afternoon,21,Male,Jaipur,Karnataka,India,Tamil,Android,OnePlus Nord,Android 14,1.1.0,ACT,affiliate,remarketing,A,app_launch,1,0,1,123.0,3,0,0,0,0,111.27,Low,Medium,0.0,0,0,1,0,348.81,1
100299,2025-06-26,Mon,Afternoon,28,Female,Indore,Rajasthan,India,Bengali,Android,iPhone 13,Android 12,1.0.1,BSNL,meta,welcome_offer,B,app_launch,1,0,0,69.0,9,0,0,1,0,27.12,Mid,Medium,1.0,0,0,1,0,441.48,1
100300,2025-02-13,Fri,Night,36,Other,Pune,Karnataka,USA,Tamil,Android,Vivo V27,iOS 17,2.0.0,Airtel,referral,organic,D,view_home,1,0,1,126.0,6,1,0,0,1,52.21,Low,Low,4.2,0,1,0,1,1823.47,8
100301,2025-11-17,Wed,Evening,49,Female,Jaipur,West Bengal,India,English,Android,Samsung A14,Android 13,1.2.3,Other,crm,remarketing,C,signup,1,0,0,269.0,11,0,0,0,0,113.4,Mid,Medium,2.3,0,0,0,1,4594.02,6
100302,2025-08-12,Thu,Night,36,Male,Bengaluru,Tamil Nadu,India,Telugu,iOS,Vivo V27,Android 12,1.1.0,Airtel,organic,brand_search,D,signup,0,0,1,148.0,9,1,0,0,0,309.09,High,Medium,1.2,1,0,0,1,4893.41,4
100303,2025-10-28,Tue,Evening,20,Female,Jaipur,Delhi,India,Hindi,Android,iPhone 14,iOS 17,2.1.1,Airtel,crm,remarketing,C,app_launch,1,0,0,136.0,8,0,0,0,0,21.23,High,Medium,0.0,1,0,0,0,286.12,0
100304,2025-05-26,Sat,Morning,29,Male,Pune,Telangana,India,Telugu,iOS,OnePlus Nord,Android 12,1.0.1,Airtel,affiliate,lookalike,D,notification_open,0,1,0,269.0,4,0,1,0,0,298.74,Mid,Low,4.8,0,1,1,0,244.6,0
100305,2024-12-30,Sun,Evening,31,Male,Indore,West Bengal,India,Telugu,Android,Redmi Note,Android 14,1.1.0,Jio,affiliate,lookalike,E,promo_click,1,1,1,297.0,2,0,0,0,0,191.91,Mid,Medium,3.3,0,0,1,0,119.58,0
100306,2025-11-03,Mon,Evening,35,Male,Pune,Rajasthan,India,Bengali,iOS,Samsung A14,iOS 17,1.1.0,Other,organic,lookalike,A,view_home,1,1,0,584.0,8,0,0,0,1,126.64,High,Medium,6.3,1,1,0,1,5438.45,2
100307,2025-03-05,Tue,Afternoon,53,Male,Mumbai,Delhi,India,Tamil,Android,OnePlus Nord,iOS 16,1.1.0,Vi,meta,install_campaign,A,signup,1,1,1,346.0,12,0,0,0,1,76.01,Mid,Low,7.3,0,1,1,1,6078.61,6
100308,2025-05-30,Wed,Evening,18,Female,Mumbai,West Bengal,India,Bengali,Android,Redmi Note,Android 13,1.0.1,Jio,meta,organic,B,promo_click,1,0,0,179.0,9,0,0,0,0,70.06,Mid,Low,0.0,0,0,1,1,3315.5,3
100309,2025-05-06,Thu,Night,42,Male,Jaipur,Telangana,India,Tamil,Android,Oppo F21,Android 12,1.0.1,BSNL,meta,brand_search,B,app_launch,0,0,1,127.0,9,1,0,0,0,99.05,Mid,Low,1.2,0,0,1,1,1817.47,6
100310,2025-09-14,Wed,Night,22,Male,Chennai,Rajasthan,India,English,Android,Redmi Note,Android 12,2.0.0,ACT,meta,install_campaign,B,view_home,1,0,0,470.0,13,0,1,0,0,13.39,Mid,Low,3.8,0,0,1,1,3804.85,3
100311,2025-02-02,Wed,Afternoon,52,Male,Indore,Maharashtra,India,Hindi,Android,Vivo V27,Android 13,1.1.0,ACT,referral,remarketing,D,signup,1,0,1,196.0,5,0,1,0,0,36.57,Low,Low,1.5,0,0,0,1,2813.68,3
100312,2026-03-02,Wed,Morning,21,Male,Jaipur,Tamil Nadu,India,Bengali,iOS,iPhone 14,Android 13,2.1.1,Jio,google,welcome_offer,C,notification_open,0,0,1,123.0,9,0,1,0,0,118.56,Premium,High,1.5,1,0,1,0,1295.08,0
100313,2026-05-04,Sat,Night,19,Female,Jaipur,Karnataka,India,Hindi,Android,Samsung A14,iOS 16,1.0.1,BSNL,crm,organic,D,view_home,1,1,1,105.0,2,0,0,0,0,142.32,Low,Low,2.0,0,0,0,0,1100.47,0
100314,2025-01-27,Mon,Morning,49,Female,Delhi,Rajasthan,UK,Hindi,Android,iPhone 14,Android 13,2.1.1,BSNL,affiliate,remarketing,D,signup,0,0,1,34.0,6,1,1,0,0,93.42,Mid,Low,2.7,0,0,1,1,2010.04,6
100315,2025-03-01,Thu,Night,52,Male,Indore,Delhi,India,Bengali,iOS,iPhone 13,Android 12,1.2.3,ACT,affiliate,organic,E,promo_click,1,0,0,47.0,6,0,1,0,0,35.87,Mid,Low,1.5,0,0,1,0,395.3,5
100316,2025-11-30,Mon,Night,29,Male,Hyderabad,West Bengal,India,English,iOS,Vivo V27,Android 12,1.2.3,Airtel,organic,install_campaign,D,promo_click,1,1,1,493.0,3,1,1,0,0,428.6,Low,Medium,6.0,0,1,0,1,3974.9,5
100317,2025-07-07,Tue,Morning,39,Male,Pune,Delhi,India,Hindi,iOS,iPhone 14,Android 13,1.1.0,Vi,google,welcome_offer,B,signup,0,1,0,134.0,9,0,1,0,0,110.51,Mid,Medium,3.5,0,0,1,1,1359.89,5
100318,2026-03-25,Sat,Evening,42,Female,Bengaluru,Tamil Nadu,India,Hindi,Android,Vivo V27,iOS 17,2.1.1,Vi,meta,lookalike,B,app_launch,1,1,0,215.0,9,0,0,0,0,70.7,Low,High,2.0,0,0,1,0,101.07,3
100319,2025-12-04,Fri,Night,19,Female,Bengaluru,Karnataka,India,Tamil,iOS,iPhone 13,Android 14,1.0.1,Jio,crm,install_campaign,B,app_launch,0,1,0,137.0,10,0,0,0,0,69.02,Low,Low,2.0,0,0,0,1,3056.69,7
100320,2026-01-07,Thu,Afternoon,32,Female,Jaipur,MP,USA,English,Android,Oppo F21,iOS 16,1.1.0,Vi,meta,lookalike,A,promo_click,1,1,0,128.0,6,0,0,0,0,105.04,Low,Medium,2.0,0,0,1,1,4644.88,5
100321,2025-12-25,Tue,Night,46,Male,Hyderabad,Rajasthan,India,Hindi,Android,Samsung A14,Android 13,2.0.0,Other,google,organic,C,view_home,0,0,1,162.0,7,0,1,0,0,92.07,Low,High,1.5,0,0,1,1,4836.72,4
100322,2025-09-05,Sun,Night,51,Female,Kolkata,MP,India,Hindi,iOS,iPhone 13,iOS 16,1.0.1,BSNL,affiliate,brand_search,B,view_home,1,0,1,78.0,6,1,0,0,0,24.43,High,Medium,1.2,1,0,1,0,191.1,1
100323,2026-03-05,Thu,Evening,49,Male,Delhi,Maharashtra,India,Bengali,Android,Oppo F21,Android 13,2.0.0,BSNL,crm,remarketing,D,notification_open,1,0,1,325.0,4,0,0,0,0,96.11,Mid,Medium,1.3,0,0,0,0,133.1,0
100324,2025-09-12,Mon,Night,27,Female,Bengaluru,Maharashtra,India,Tamil,Android,Samsung A14,iOS 16,1.0.1,Airtel,affiliate,lookalike,D,notification_open,1,0,0,533.0,7,0,0,0,0,83.35,Low,Medium,1.3,0,0,1,1,2981.95,3
100325,2024-12-17,Sat,Evening,42,Male,Mumbai,MP,USA,Telugu,iOS,Samsung A14,iOS 17,2.1.1,Jio,affiliate,install_campaign,E,promo_click,1,1,0,142.0,5,0,1,0,0,9.83,Mid,Medium,3.5,0,0,1,1,2348.14,4
100326,2026-03-08,Mon,Evening,47,Female,Hyderabad,Delhi,India,Tamil,iOS,Oppo F21,iOS 17,1.0.1,BSNL,meta,install_campaign,E,view_service,1,1,1,33.0,9,0,1,0,0,625.11,High,Low,3.5,1,0,1,0,196.42,1
100327,2025-06-01,Sun,Afternoon,31,Male,Jaipur,Tamil Nadu,India,Bengali,Android,Oppo F21,Android 12,2.1.1,Jio,google,lookalike,B,view_service,1,0,0,321.0,4,0,1,1,0,13.45,Low,Medium,3.8,0,0,1,1,810.78,3
100328,2026-05-13,Tue,Night,49,Other,Mumbai,Karnataka,India,Hindi,iOS,iPhone 13,iOS 16,1.0.1,Other,meta,brand_search,A,app_launch,1,0,1,328.0,8,1,1,0,0,6.22,Mid,Low,4.0,0,1,1,1,3449.6,11
100329,2024-12-30,Thu,Morning,57,Female,Indore,Rajasthan,India,English,Android,iPhone 14,iOS 16,1.0.1,ACT,organic,lookalike,D,signup,0,0,0,450.0,6,0,1,0,0,363.75,Mid,Medium,2.8,0,0,0,1,5215.34,3
100330,2026-02-02,Tue,Afternoon,51,Male,Indore,Karnataka,India,Bengali,iOS,Samsung A14,iOS 17,1.2.3,BSNL,crm,brand_search,A,signup,1,0,1,221.0,4,0,0,0,0,51.04,Mid,Medium,0.0,0,0,0,1,1588.97,3
100331,2026-04-18,Tue,Morning,48,Male,Chennai,West Bengal,India,Tamil,Android,Redmi Note,Android 13,2.0.0,Jio,referral,install_campaign,A,notification_open,1,1,1,270.0,5,0,0,1,1,137.85,Mid,High,7.3,0,1,0,1,2827.17,4
100332,2025-09-19,Thu,Night,37,Male,Bengaluru,Karnataka,India,Hindi,iOS,Oppo F21,iOS 17,2.1.1,BSNL,crm,welcome_offer,D,promo_click,1,1,1,84.0,12,0,1,0,1,38.36,Mid,Medium,7.5,0,1,0,1,5780.08,2
100333,2025-09-11,Mon,Morning,49,Male,Pune,Maharashtra,India,English,Android,iPhone 13,iOS 16,1.1.0,ACT,crm,welcome_offer,C,view_home,0,0,1,79.0,6,0,1,0,0,191.45,Low,High,1.5,0,0,0,0,49.04,1
100334,2026-01-05,Mon,Night,30,Female,Delhi,Maharashtra,India,Tamil,Android,iPhone 14,Android 14,2.0.0,Airtel,affiliate,organic,A,signup,1,0,1,116.0,15,0,0,0,0,18.26,Mid,High,1.0,0,0,1,1,3804.69,9
100335,2025-02-13,Thu,Morning,35,Male,Bengaluru,MP,UAE,Tamil,iOS,iPhone 14,Android 12,2.1.1,Jio,meta,welcome_offer,E,signup,1,0,1,32.0,12,0,0,0,1,301.83,Mid,Low,4.0,0,1,1,1,3608.27,3
100336,2026-05-07,Tue,Night,39,Male,Kolkata,Tamil Nadu,India,Telugu,Web,Redmi Note,iOS 16,2.1.1,Airtel,google,lookalike,E,signup,1,0,1,77.0,6,0,0,1,0,385.02,Low,Low,1.0,0,0,1,1,5801.7,3
100337,2026-03-31,Thu,Morning,59,Female,Hyderabad,MP,India,Tamil,Android,iPhone 14,iOS 17,1.0.1,Jio,meta,install_campaign,A,app_launch,0,0,0,207.0,9,1,0,1,0,97.94,Low,Low,2.2,0,0,1,0,26.55,2
100338,2026-01-11,Wed,Evening,25,Female,Mumbai,MP,India,Bengali,iOS,Oppo F21,Android 14,1.0.1,Other,meta,install_campaign,A,promo_click,1,1,0,170.0,8,1,0,0,0,307.72,Low,Medium,3.2,0,0,1,1,10108.49,9
100339,2025-10-02,Mon,Afternoon,39,Female,Indore,Rajasthan,India,Hindi,iOS,Oppo F21,iOS 16,2.0.0,BSNL,crm,remarketing,C,promo_click,0,1,1,175.0,8,0,1,0,0,223.9,Low,Medium,3.5,0,0,0,1,9025.15,9
100340,2025-01-24,Sat,Morning,45,Male,Chennai,Rajasthan,Canada,Hindi,iOS,iPhone 13,Android 12,2.1.1,Jio,crm,organic,D,view_home,1,0,1,251.0,4,0,0,0,1,357.96,Low,Medium,4.3,0,1,0,1,4750.49,6
100341,2025-10-19,Sat,Evening,25,Male,Chennai,Rajasthan,India,Bengali,Android,OnePlus Nord,Android 12,2.1.1,ACT,affiliate,welcome_offer,E,signup,1,1,0,421.0,3,0,0,0,0,29.48,Low,Medium,3.3,0,0,1,1,1673.63,7
100342,2026-02-19,Sun,Morning,23,Female,Bengaluru,West Bengal,UK,Tamil,Android,Vivo V27,Android 12,1.1.0,Jio,crm,remarketing,E,view_service,1,1,0,151.0,7,0,0,0,0,123.76,High,Medium,2.0,1,0,0,1,4287.11,8
100343,2025-09-08,Mon,Afternoon,26,Female,Hyderabad,Karnataka,India,Hindi,Android,Oppo F21,Android 13,1.2.3,Jio,crm,remarketing,E,view_service,1,0,0,329.0,11,0,0,0,0,99.54,Mid,Medium,2.3,0,0,0,1,4605.66,5
100344,2025-07-16,Wed,Evening,56,Female,Chennai,Maharashtra,India,English,Android,OnePlus Nord,Android 12,1.0.1,Other,meta,install_campaign,A,signup,1,1,0,300.0,9,0,0,0,0,100.38,Low,Low,3.3,0,0,1,1,1781.4,5
100345,2025-01-26,Sat,Evening,20,Male,Bengaluru,Maharashtra,India,Tamil,Android,Samsung A14,Android 12,1.1.0,BSNL,organic,brand_search,C,view_home,1,0,1,175.0,10,1,1,0,0,26.98,High,Medium,2.7,1,0,0,0,11.67,2
100346,2026-02-18,Wed,Evening,24,Male,Pune,Maharashtra,India,Bengali,Android,Redmi Note,Android 12,1.1.0,ACT,google,welcome_offer,A,signup,1,0,1,227.0,12,0,1,0,0,54.2,Mid,Low,2.5,0,0,1,1,5239.06,2
100347,2025-03-30,Sun,Evening,43,Male,Kolkata,West Bengal,India,Bengali,Web,Redmi Note,Android 13,1.1.0,Jio,google,brand_search,A,signup,0,1,0,306.0,9,0,0,1,0,56.49,Low,High,4.3,0,1,1,1,4141.39,4
100348,2025-12-21,Fri,Evening,57,Other,Hyderabad,West Bengal,USA,Tamil,iOS,Samsung A14,iOS 17,1.1.0,BSNL,affiliate,organic,E,view_service,1,0,1,271.0,5,0,0,0,1,197.51,Mid,High,4.3,0,1,1,1,1928.5,5
100349,2026-01-07,Mon,Evening,34,Male,Delhi,West Bengal,India,Tamil,Android,iPhone 14,Android 14,1.1.0,Vi,meta,install_campaign,A,promo_click,0,0,1,52.0,5,0,0,1,0,85.34,Mid,Low,1.0,0,0,1,0,91.39,2
100350,2025-07-01,Sun,Afternoon,30,Male,Indore,Rajasthan,India,Tamil,Android,OnePlus Nord,iOS 16,1.1.0,Vi,crm,welcome_offer,E,view_home,1,1,1,168.0,4,0,0,0,0,36.25,Mid,Low,2.0,0,0,0,1,3697.28,2
100351,2025-07-29,Sat,Night,44,Male,Jaipur,Maharashtra,India,Telugu,Android,Samsung A14,Android 14,2.1.1,ACT,crm,remarketing,D,view_home,1,1,1,163.0,7,1,1,0,0,49.87,Mid,Low,4.7,0,1,0,0,289.18,1
100352,2026-02-10,Thu,Evening,35,Other,Delhi,West Bengal,India,Telugu,Android,Vivo V27,iOS 17,1.0.1,Vi,crm,welcome_offer,E,view_home,1,1,1,371.0,7,0,1,1,0,106.33,Mid,Low,5.8,0,1,0,1,4194.42,3
100353,2025-07-30,Thu,Afternoon,28,Male,Jaipur,West Bengal,UAE,English,Android,Vivo V27,Android 13,2.0.0,Vi,crm,lookalike,D,view_service,1,0,1,136.0,4,0,0,0,0,100.6,Low,Low,0.0,0,0,0,0,296.34,0
100354,2025-10-19,Wed,Morning,57,Male,Delhi,Maharashtra,India,English,Android,Redmi Note,Android 14,1.0.1,BSNL,meta,brand_search,B,signup,0,0,1,150.0,7,1,0,0,0,325.92,High,Medium,1.2,1,0,1,0,64.6,2
100355,2025-07-06,Fri,Morning,25,Female,Bengaluru,Rajasthan,India,Hindi,iOS,OnePlus Nord,Android 14,2.1.1,Vi,meta,lookalike,D,promo_click,1,1,1,82.0,11,0,1,0,0,88.16,High,Low,4.5,1,1,1,1,6968.36,5
100356,2025-03-12,Mon,Evening,41,Male,Indore,Telangana,India,Telugu,Android,iPhone 13,Android 12,1.1.0,Airtel,meta,welcome_offer,E,app_launch,1,0,1,286.0,6,0,0,0,0,339.21,High,Medium,1.3,1,0,1,1,3888.99,5
100357,2025-08-20,Tue,Evening,49,Male,Chennai,Rajasthan,India,Bengali,Android,Oppo F21,Android 13,2.1.1,Jio,google,lookalike,C,view_home,1,1,0,208.0,4,1,0,1,0,176.02,Premium,Low,4.2,1,1,1,1,2002.01,3
100358,2025-01-17,Thu,Morning,53,Male,Pune,West Bengal,India,Tamil,Android,Samsung A14,iOS 16,2.0.0,Jio,meta,welcome_offer,E,signup,1,1,1,230.0,13,0,0,0,1,139.98,Low,Low,6.0,0,1,1,1,3594.94,5
100359,2025-10-11,Mon,Night,38,Female,Pune,Karnataka,Canada,Bengali,iOS,iPhone 13,iOS 16,1.1.0,BSNL,crm,install_campaign,B,app_launch,1,0,0,402.0,9,0,1,0,0,77.12,Mid,Medium,2.8,0,0,0,1,3357.67,2
100360,2025-05-02,Wed,Evening,29,Male,Mumbai,Karnataka,India,Hindi,Android,Vivo V27,Android 12,1.2.3,Other,google,brand_search,D,promo_click,1,0,1,88.0,5,0,0,0,0,133.93,Low,Low,0.0,0,0,1,1,2519.18,2
100361,2026-04-29,Wed,Morning,25,Female,Pune,Telangana,India,Bengali,Android,OnePlus Nord,iOS 17,1.0.1,BSNL,affiliate,brand_search,B,app_launch,1,0,1,251.0,5,0,0,0,0,82.78,Mid,Medium,1.3,0,0,1,0,252.0,1
100362,2026-03-20,Sat,Afternoon,31,Male,Jaipur,MP,India,Tamil,Android,iPhone 13,iOS 16,1.0.1,Other,referral,brand_search,E,promo_click,1,0,1,248.0,9,0,1,0,0,9.35,Low,Low,2.8,0,0,0,1,2900.08,3
100363,2025-09-09,Thu,Evening,58,Male,Indore,Karnataka,India,English,Android,Oppo F21,Android 13,2.1.1,Other,organic,install_campaign,C,view_home,0,0,1,170.0,10,1,0,0,0,188.81,Mid,Medium,1.2,0,0,0,1,1529.42,2
100364,2025-12-02,Fri,Afternoon,23,Female,Pune,Delhi,India,Bengali,Android,Redmi Note,Android 12,1.2.3,Vi,google,lookalike,C,signup,1,0,1,201.0,6,0,1,1,0,13.43,Mid,High,2.5,0,0,1,1,7521.08,6
100365,2026-02-19,Thu,Morning,22,Female,Delhi,Delhi,India,Tamil,Android,Samsung A14,Android 13,1.0.1,Other,google,welcome_offer,B,app_launch,1,1,0,34.0,7,1,0,0,0,68.72,Premium,Low,3.2,1,0,1,1,2678.71,6
100366,2026-04-24,Mon,Night,40,Female,Jaipur,Tamil Nadu,India,Telugu,iOS,iPhone 13,iOS 17,2.0.0,Other,google,welcome_offer,D,view_home,1,0,1,93.0,9,1,1,0,0,211.57,High,Medium,2.7,1,0,1,0,331.84,1
100367,2025-09-06,Tue,Morning,43,Female,Indore,MP,UK,Hindi,Android,Vivo V27,iOS 16,1.0.1,BSNL,google,install_campaign,E,view_service,0,1,1,114.0,8,1,0,1,0,127.72,Mid,Low,4.2,0,1,1,1,2908.59,7
100368,2025-02-25,Fri,Morning,42,Male,Indore,Rajasthan,India,Hindi,Android,Oppo F21,Android 12,2.1.1,BSNL,crm,welcome_offer,D,view_service,1,0,1,327.0,8,0,0,0,0,147.79,Premium,Low,1.3,1,0,0,0,299.51,1
100369,2025-10-15,Tue,Morning,25,Female,Mumbai,Telangana,India,Hindi,Android,Samsung A14,Android 12,1.0.1,Vi,affiliate,welcome_offer,D,app_launch,0,1,1,63.0,9,1,1,0,0,25.36,Mid,Low,4.7,0,1,1,1,2786.61,4
100370,2025-03-09,Tue,Night,26,Female,Indore,Delhi,India,Bengali,iOS,iPhone 14,Android 12,2.1.1,Airtel,organic,organic,D,view_home,1,0,1,438.0,5,0,0,0,0,350.77,High,Medium,1.3,1,0,0,1,1720.91,7
100371,2025-03-13,Sat,Evening,18,Female,Mumbai,Maharashtra,India,English,iOS,iPhone 13,iOS 17,2.1.1,Airtel,affiliate,organic,E,notification_open,1,0,1,155.0,8,1,1,1,0,119.9,High,Low,3.7,1,0,1,1,3476.82,4
100372,2025-03-19,Sat,Evening,20,Male,Delhi,MP,UAE,Hindi,iOS,iPhone 13,iOS 17,1.0.1,BSNL,organic,remarketing,C,promo_click,1,0,0,330.0,9,1,0,0,0,278.21,Mid,Medium,2.5,0,0,0,1,3369.57,6
100373,2026-02-12,Sat,Afternoon,23,Male,Chennai,Rajasthan,India,English,iOS,Samsung A14,Android 14,1.1.0,BSNL,crm,install_campaign,C,app_launch,0,0,0,315.0,4,0,0,0,1,83.19,Low,Low,4.3,0,1,0,1,3161.46,9
100374,2025-02-22,Tue,Morning,59,Female,Jaipur,Telangana,India,Telugu,iOS,Oppo F21,Android 13,1.0.1,Airtel,meta,install_campaign,B,view_home,0,0,1,130.0,4,0,1,0,0,147.63,Low,Medium,1.5,0,0,1,0,565.05,2
100375,2025-02-26,Thu,Morning,35,Male,Chennai,Rajasthan,India,Bengali,Android,Oppo F21,Android 12,1.1.0,ACT,crm,brand_search,D,notification_open,1,1,1,160.0,3,0,0,1,0,319.75,Low,Low,3.0,0,0,0,0,223.92,0
100376,2026-04-05,Mon,Afternoon,25,Female,Jaipur,Rajasthan,India,Telugu,iOS,Vivo V27,Android 13,2.0.0,Other,organic,remarketing,D,notification_open,1,0,1,275.0,10,0,1,0,0,107.97,Low,Medium,2.8,0,0,0,1,3666.92,8
100377,2025-05-21,Fri,Night,59,Male,Pune,Tamil Nadu,India,English,Android,OnePlus Nord,Android 12,1.1.0,Jio,referral,install_campaign,B,view_service,1,1,1,229.0,7,1,1,1,0,341.97,Mid,Low,5.7,0,1,0,1,3313.41,4
100378,2026-02-26,Thu,Night,19,Female,Mumbai,Maharashtra,India,English,Android,iPhone 14,iOS 16,1.1.0,Vi,google,install_campaign,A,promo_click,0,1,1,188.0,5,0,1,0,0,92.67,Low,Medium,3.5,0,0,1,0,221.56,0
100379,2026-05-20,Sun,Evening,38,Male,Hyderabad,Karnataka,India,Tamil,Android,Samsung A14,iOS 16,2.0.0,Vi,crm,install_campaign,C,view_service,1,1,0,228.0,9,0,1,0,0,98.61,Mid,Low,3.5,0,0,0,1,3653.61,4
100380,2025-01-24,Thu,Evening,57,Male,Delhi,West Bengal,USA,Telugu,Web,Samsung A14,iOS 17,1.2.3,ACT,affiliate,install_campaign,C,promo_click,1,0,1,205.0,11,1,0,0,0,31.47,High,Low,2.2,1,0,1,1,3467.22,3
100381,2026-04-27,Sat,Night,26,Female,Bengaluru,MP,India,English,Android,iPhone 14,Android 13,1.2.3,BSNL,referral,lookalike,A,notification_open,0,0,0,92.0,5,0,0,1,0,106.29,High,Low,1.0,1,0,0,0,169.96,0
100382,2025-01-03,Mon,Morning,46,Female,Kolkata,Maharashtra,India,English,Android,Redmi Note,iOS 17,2.0.0,BSNL,organic,welcome_offer,C,notification_open,1,1,1,258.0,9,0,1,1,0,30.53,Mid,Low,5.8,0,1,0,1,4269.93,6
100383,2025-05-04,Fri,Afternoon,40,Female,Hyderabad,Tamil Nadu,India,Bengali,Android,Vivo V27,Android 13,2.0.0,Vi,affiliate,lookalike,E,promo_click,1,0,1,172.0,6,0,1,0,0,30.06,Mid,Medium,1.5,0,0,1,1,2763.76,9
100384,2026-05-08,Wed,Morning,51,Male,Hyderabad,Tamil Nadu,India,Tamil,Android,iPhone 14,Android 12,1.1.0,Other,meta,install_campaign,B,view_home,1,1,1,215.0,7,0,0,0,0,9.9,Low,Medium,2.0,0,0,1,0,108.03,0
100385,2026-04-02,Sun,Evening,56,Male,Delhi,Telangana,India,Hindi,Android,Samsung A14,Android 12,2.1.1,BSNL,referral,organic,B,view_home,1,1,1,563.0,11,1,1,0,0,46.34,High,Medium,7.0,1,1,0,1,2746.63,9
100386,2025-03-02,Thu,Night,41,Female,Chennai,Delhi,India,Bengali,iOS,Vivo V27,iOS 17,2.1.1,Vi,google,welcome_offer,B,app_launch,1,0,0,418.0,9,0,0,0,0,142.31,High,Low,1.3,1,0,1,1,5412.15,4
100387,2025-06-09,Sun,Night,45,Female,Jaipur,MP,India,Hindi,iOS,iPhone 14,Android 14,2.1.1,ACT,organic,install_campaign,D,app_launch,0,1,0,276.0,5,0,0,0,0,218.71,Mid,Low,3.3,0,0,0,1,4407.92,4
100388,2025-05-19,Fri,Evening,43,Male,Bengaluru,Maharashtra,India,English,iOS,Vivo V27,Android 12,2.0.0,BSNL,google,remarketing,B,view_service,1,0,1,51.0,11,0,0,0,1,115.33,Low,High,4.0,0,1,1,1,2906.33,5
100389,2025-10-19,Mon,Evening,57,Male,Kolkata,Karnataka,India,English,Android,Redmi Note,Android 14,2.0.0,Other,organic,organic,C,notification_open,1,0,0,36.0,14,0,1,1,0,109.68,Low,Medium,3.5,0,0,0,0,855.79,2
100390,2025-04-09,Sat,Afternoon,45,Male,Pune,Tamil Nadu,India,Tamil,Android,iPhone 14,Android 13,2.0.0,Other,google,brand_search,D,signup,1,0,0,343.0,3,0,0,0,0,148.31,Mid,High,1.3,0,0,1,1,507.53,5
100391,2024-12-22,Sun,Evening,24,Male,Chennai,Maharashtra,India,English,iOS,Vivo V27,Android 14,1.2.3,BSNL,google,install_campaign,C,notification_open,0,1,0,209.0,8,1,1,0,0,70.91,Low,High,4.7,0,1,1,1,3857.96,5
100392,2025-08-21,Wed,Night,18,Male,Bengaluru,Delhi,India,English,Android,iPhone 14,Android 14,2.1.1,ACT,crm,welcome_offer,A,promo_click,0,1,0,417.0,4,0,0,1,1,241.54,Low,Low,7.3,0,1,0,1,2588.75,6
100393,2025-09-27,Sun,Morning,25,Female,Mumbai,Karnataka,India,Telugu,Android,Oppo F21,Android 14,1.0.1,Other,google,install_campaign,B,notification_open,0,0,1,370.0,6,1,0,0,0,382.81,Low,Medium,2.5,0,0,1,1,3988.58,6
100394,2025-02-24,Sat,Morning,58,Male,Hyderabad,Rajasthan,India,Hindi,Android,Vivo V27,Android 14,1.0.1,BSNL,google,remarketing,E,view_service,0,0,1,76.0,9,0,1,1,1,21.18,Mid,High,5.5,0,1,1,1,4164.31,4
100395,2025-03-22,Tue,Morning,59,Male,Pune,Tamil Nadu,India,Telugu,iOS,Vivo V27,Android 14,2.1.1,Other,google,lookalike,E,notification_open,0,1,1,424.0,10,1,0,0,0,22.47,High,Low,4.5,1,1,1,1,5885.79,4
100396,2025-08-02,Wed,Night,34,Female,Jaipur,MP,India,Bengali,Android,OnePlus Nord,Android 12,2.1.1,Other,crm,brand_search,E,view_service,1,0,0,389.0,8,0,0,0,0,105.46,Mid,Low,1.3,0,0,0,1,2262.52,6
100397,2025-12-24,Tue,Night,56,Male,Mumbai,Rajasthan,India,English,Android,iPhone 14,Android 14,1.0.1,Other,google,install_campaign,B,view_home,1,1,0,46.0,9,1,1,0,0,91.68,Premium,Medium,4.7,1,1,1,1,4497.31,6
100398,2025-04-14,Mon,Evening,47,Female,Bengaluru,West Bengal,India,Hindi,iOS,Redmi Note,Android 13,2.1.1,Airtel,meta,remarketing,A,app_launch,0,0,1,278.0,6,1,1,0,1,198.9,Low,Medium,7.0,0,1,1,1,2601.94,4
100399,2026-01-31,Sat,Night,38,Male,Delhi,West Bengal,India,English,Android,OnePlus Nord,iOS 17,1.1.0,Vi,google,install_campaign,D,signup,1,1,1,214.0,5,0,0,0,0,75.75,High,High,2.0,1,0,1,1,6965.25,7
100400,2026-03-03,Fri,Evening,31,Female,Hyderabad,Delhi,USA,Hindi,Android,Vivo V27,iOS 16,2.1.1,Vi,google,welcome_offer,C,signup,1,1,1,227.0,11,0,1,0,0,249.55,Low,High,4.5,0,1,1,1,1774.42,5
100401,2025-10-12,Wed,Afternoon,54,Female,Jaipur,Telangana,India,Bengali,Android,Samsung A14,iOS 17,1.2.3,ACT,affiliate,remarketing,E,view_home,1,1,1,20.0,6,0,0,0,1,215.58,High,High,5.0,1,1,1,1,3125.41,3
100402,2025-03-19,Sat,Night,20,Male,Mumbai,Karnataka,India,Telugu,Android,iPhone 14,iOS 17,1.2.3,Airtel,organic,organic,B,view_home,1,0,0,348.0,9,0,1,0,1,216.19,High,Low,5.8,1,1,0,1,3435.88,5
100403,2026-01-24,Fri,Afternoon,37,Male,Indore,Karnataka,India,Bengali,Android,Samsung A14,iOS 17,1.2.3,Other,meta,remarketing,C,view_home,0,0,0,104.0,7,1,1,0,0,20.62,Low,Low,2.7,0,0,1,0,357.22,1
100404,2025-01-18,Fri,Night,31,Female,Pune,Karnataka,USA,Telugu,Android,Vivo V27,Android 13,2.1.1,BSNL,crm,brand_search,A,notification_open,0,0,0,179.0,6,0,0,0,0,102.89,Mid,Medium,0.0,0,0,0,0,9.09,3
100405,2024-12-18,Sun,Afternoon,32,Female,Mumbai,Karnataka,India,Tamil,Android,Oppo F21,Android 13,2.1.1,BSNL,organic,organic,A,app_launch,1,0,1,50.0,7,0,0,0,0,117.69,Mid,Low,0.0,0,0,0,0,936.11,1
100406,2025-09-27,Mon,Afternoon,55,Male,Indore,Tamil Nadu,India,Telugu,iOS,Redmi Note,iOS 17,1.2.3,Airtel,meta,install_campaign,D,signup,1,0,0,428.0,8,1,0,0,0,175.47,Mid,Low,2.5,0,0,1,0,384.44,0
100407,2025-12-20,Sat,Night,46,Female,Chennai,West Bengal,India,Telugu,Android,Redmi Note,iOS 16,1.2.3,Other,crm,install_campaign,D,view_home,1,0,1,161.0,9,0,1,0,0,135.27,High,Medium,1.5,1,0,0,1,931.13,5
100408,2025-07-02,Sat,Afternoon,27,Female,Indore,MP,India,Bengali,Android,iPhone 14,Android 14,2.0.0,ACT,referral,install_campaign,B,signup,0,1,1,108.0,3,0,0,0,0,96.05,Mid,Medium,2.0,0,0,0,0,114.74,0
100409,2025-08-22,Wed,Night,19,Male,Jaipur,Tamil Nadu,India,Hindi,iOS,OnePlus Nord,iOS 17,1.1.0,Vi,meta,organic,B,promo_click,1,0,1,166.0,8,1,0,0,0,207.43,Low,Medium,1.2,0,0,1,0,119.2,1
100410,2026-04-23,Sun,Night,43,Male,Hyderabad,Karnataka,UK,Telugu,iOS,Samsung A14,Android 14,2.1.1,Vi,google,remarketing,C,notification_open,1,1,1,338.0,3,0,1,1,0,140.01,Mid,Low,5.8,0,1,1,1,2455.8,6
100411,2025-03-23,Mon,Night,54,Male,Bengaluru,Telangana,UAE,Bengali,Android,Samsung A14,Android 14,1.2.3,Other,crm,remarketing,E,app_launch,1,0,1,177.0,6,0,0,0,0,222.82,Mid,Medium,0.0,0,0,0,0,78.56,1
100412,2025-04-10,Thu,Evening,38,Male,Mumbai,Rajasthan,India,Telugu,Android,iPhone 14,Android 12,1.0.1,ACT,meta,welcome_offer,B,view_home,1,0,1,270.0,9,1,0,0,0,259.99,Low,Low,2.5,0,0,1,0,38.16,1
100413,2026-04-26,Wed,Morning,43,Male,Indore,Delhi,India,English,Android,Samsung A14,Android 12,1.0.1,ACT,affiliate,organic,E,view_home,1,1,1,218.0,7,0,0,0,1,213.47,Premium,Medium,5.0,1,1,1,1,2413.41,6
100414,2025-04-08,Fri,Afternoon,30,Female,Kolkata,Maharashtra,UK,Hindi,Android,iPhone 13,iOS 17,1.2.3,Jio,organic,lookalike,D,view_home,0,1,1,151.0,10,1,0,0,0,229.61,High,Medium,3.2,1,0,0,1,5175.5,4
100415,2025-02-09,Thu,Evening,50,Male,Mumbai,Rajasthan,India,Bengali,Android,Vivo V27,Android 13,1.2.3,Other,organic,brand_search,A,app_launch,1,1,0,123.0,5,0,0,1,0,260.2,Low,Low,3.0,0,0,0,0,417.62,0
100416,2025-07-18,Tue,Night,39,Female,Kolkata,West Bengal,India,Telugu,Android,OnePlus Nord,Android 12,2.1.1,Vi,referral,install_campaign,D,signup,1,0,0,305.0,13,0,1,0,0,71.93,Low,Medium,3.8,0,0,0,1,7991.02,7
100417,2025-08-12,Tue,Afternoon,21,Female,Jaipur,Tamil Nadu,India,Tamil,Android,iPhone 13,Android 12,1.1.0,Jio,meta,install_campaign,C,signup,1,1,1,157.0,14,0,0,0,0,49.22,Low,Low,3.0,0,0,1,1,1425.37,4
100418,2026-05-01,Tue,Night,50,Male,Indore,West Bengal,India,Tamil,Android,iPhone 14,iOS 17,1.0.1,ACT,crm,lookalike,B,view_service,0,1,1,480.0,6,0,1,0,0,212.05,High,Low,4.8,1,1,0,1,3364.04,6
100419,2025-10-26,Tue,Morning,20,Male,Delhi,Delhi,India,Bengali,Android,iPhone 13,Android 13,1.2.3,ACT,crm,brand_search,C,signup,0,1,1,189.0,7,1,0,0,0,54.64,Mid,Low,3.2,0,0,0,1,3809.69,8
100420,2026-03-22,Wed,Afternoon,42,Male,Jaipur,Tamil Nadu,India,English,Android,OnePlus Nord,Android 13,2.1.1,Vi,referral,install_campaign,A,signup,1,0,1,217.0,5,0,1,0,0,170.64,High,Low,1.5,1,0,0,1,1872.77,4
100421,2026-04-01,Sat,Afternoon,53,Male,Bengaluru,West Bengal,UAE,Telugu,Android,Vivo V27,iOS 16,1.2.3,Vi,referral,brand_search,E,view_home,1,1,1,335.0,9,0,1,0,0,92.03,Low,Medium,4.8,0,1,0,1,2962.96,6
100422,2025-02-03,Tue,Night,50,Female,Delhi,Telangana,India,Bengali,Android,Redmi Note,Android 12,2.0.0,Jio,meta,lookalike,E,view_home,0,0,1,515.0,11,0,0,0,0,114.07,Mid,Medium,2.3,0,0,1,1,3611.93,5
100423,2025-02-03,Sun,Night,57,Female,Kolkata,Maharashtra,USA,Bengali,iOS,Oppo F21,iOS 16,2.0.0,Airtel,meta,install_campaign,A,promo_click,0,0,1,139.0,10,0,1,0,0,67.55,Low,Medium,1.5,0,0,1,0,420.87,0
100424,2025-06-14,Mon,Evening,26,Female,Bengaluru,Delhi,India,Telugu,Android,Vivo V27,Android 13,2.0.0,Other,affiliate,install_campaign,E,signup,1,0,1,285.0,4,0,0,0,0,278.0,High,Medium,1.3,1,0,1,1,4250.14,5
100425,2025-04-30,Sun,Evening,43,Male,Pune,Maharashtra,UAE,Bengali,Android,Redmi Note,iOS 17,1.0.1,ACT,referral,brand_search,E,view_service,0,1,1,42.0,9,0,0,0,0,216.13,High,Medium,2.0,1,0,0,1,6465.78,4
100426,2025-06-27,Fri,Night,55,Male,Jaipur,Delhi,India,Hindi,Android,iPhone 13,Android 14,2.1.1,BSNL,crm,remarketing,D,promo_click,1,0,1,271.0,11,0,1,0,0,212.23,Premium,Low,3.8,1,0,0,1,1834.95,8
100427,2026-02-11,Tue,Afternoon,26,Female,Indore,West Bengal,India,Hindi,Android,OnePlus Nord,iOS 16,2.1.1,Other,affiliate,brand_search,C,view_home,1,0,1,157.0,8,0,1,1,0,102.52,Mid,High,2.5,0,0,1,0,355.64,1
100428,2025-10-21,Mon,Morning,38,Male,Hyderabad,MP,India,Bengali,Android,iPhone 14,Android 12,1.1.0,Other,google,welcome_offer,B,notification_open,1,1,0,22.0,10,0,1,1,1,10.93,Mid,Low,7.5,0,1,1,1,2083.45,7
100429,2026-02-04,Wed,Morning,51,Female,Kolkata,Rajasthan,India,Bengali,Android,iPhone 13,iOS 16,1.2.3,Airtel,google,lookalike,E,app_launch,1,0,1,349.0,6,0,0,0,1,163.21,Mid,High,4.3,0,1,1,1,2688.12,9
100430,2024-12-25,Sat,Night,42,Female,Jaipur,MP,India,Telugu,Android,Oppo F21,iOS 17,2.1.1,ACT,affiliate,brand_search,D,signup,1,0,0,36.0,7,0,0,0,1,253.72,High,Low,3.0,1,0,1,0,14.0,0
100431,2025-12-20,Mon,Night,52,Female,Pune,Tamil Nadu,India,English,iOS,Vivo V27,iOS 17,2.0.0,Jio,referral,welcome_offer,A,view_home,1,1,1,103.0,5,0,1,1,0,36.98,Mid,Low,4.5,0,1,0,0,390.94,1
100432,2025-09-08,Fri,Morning,41,Female,Mumbai,MP,India,English,Android,Oppo F21,Android 12,1.1.0,Vi,meta,lookalike,B,promo_click,1,0,1,199.0,8,1,1,0,1,51.08,Mid,High,5.7,0,1,1,1,2593.42,4
100433,2026-03-07,Thu,Night,56,Female,Bengaluru,Maharashtra,India,Tamil,iOS,OnePlus Nord,iOS 16,2.0.0,BSNL,referral,remarketing,C,view_home,1,0,1,320.0,8,1,0,0,0,110.25,High,High,2.5,1,0,0,0,193.03,1
100434,2026-02-28,Tue,Afternoon,54,Male,Delhi,Delhi,India,Telugu,iOS,iPhone 14,iOS 17,1.1.0,BSNL,organic,install_campaign,C,view_home,1,0,1,83.0,9,0,0,0,1,72.03,Mid,Low,3.0,0,0,0,1,4117.78,2
100435,2025-07-26,Mon,Morning,19,Female,Jaipur,West Bengal,India,Bengali,Android,Samsung A14,Android 14,1.2.3,Airtel,referral,organic,E,notification_open,1,0,0,89.0,13,0,0,1,0,136.42,Low,Medium,2.0,0,0,0,1,3486.39,2
100436,2025-07-26,Sat,Night,31,Female,Delhi,Maharashtra,UAE,Hindi,Android,Samsung A14,Android 13,1.1.0,Vi,referral,install_campaign,A,signup,0,1,0,18.0,12,0,1,0,0,39.05,Premium,Low,4.5,1,1,0,1,2946.65,6
100437,2025-09-01,Tue,Morning,45,Male,Indore,Karnataka,India,Hindi,Android,Vivo V27,Android 13,2.0.0,Vi,google,install_campaign,C,signup,0,1,1,205.0,6,0,1,0,0,186.31,Low,Medium,3.5,0,0,1,1,2234.2,5
100438,2025-11-23,Fri,Afternoon,26,Male,Mumbai,Tamil Nadu,India,Hindi,Android,iPhone 14,Android 12,2.0.0,Airtel,google,remarketing,C,notification_open,1,1,0,56.0,8,0,1,0,0,26.45,Low,Medium,3.5,0,0,1,1,4705.74,6
100439,2026-03-26,Thu,Afternoon,42,Female,Kolkata,Maharashtra,India,English,Android,Redmi Note,iOS 17,1.0.1,BSNL,google,welcome_offer,E,notification_open,1,0,0,208.0,12,0,0,0,0,156.8,Mid,Low,1.0,0,0,1,0,163.91,0
100440,2026-01-15,Tue,Morning,47,Female,Kolkata,Karnataka,India,Hindi,iOS,Samsung A14,iOS 16,1.2.3,Jio,google,lookalike,B,view_service,1,0,1,72.0,9,1,1,0,0,162.64,Low,Low,2.7,0,0,1,0,722.42,2
100441,2025-03-30,Sat,Evening,43,Female,Hyderabad,West Bengal,India,English,Android,OnePlus Nord,Android 13,1.1.0,Jio,meta,organic,E,app_launch,1,1,1,99.0,7,0,1,0,0,74.28,Mid,Low,3.5,0,0,1,0,49.73,1
100442,2025-07-21,Thu,Afternoon,40,Male,Chennai,Tamil Nadu,India,Tamil,Android,Redmi Note,iOS 16,2.0.0,ACT,referral,install_campaign,C,promo_click,1,1,1,94.0,7,0,0,0,0,179.2,High,High,2.0,1,0,0,0,32.26,0
100443,2025-05-08,Fri,Evening,54,Female,Pune,Karnataka,UK,English,Android,Oppo F21,Android 14,2.0.0,Vi,google,remarketing,A,notification_open,1,0,1,155.0,10,0,0,0,0,201.69,Low,Low,0.0,0,0,1,1,5795.99,3
100444,2025-11-04,Thu,Evening,23,Male,Jaipur,Delhi,India,Tamil,Web,iPhone 13,iOS 17,2.1.1,Other,referral,remarketing,D,promo_click,1,1,0,196.0,8,1,1,0,0,121.45,Low,Medium,4.7,0,1,0,0,182.5,3
100445,2025-01-12,Thu,Afternoon,40,Male,Mumbai,Rajasthan,India,Telugu,iOS,Redmi Note,Android 14,2.0.0,Airtel,organic,install_campaign,B,view_home,1,1,0,89.0,6,0,1,0,0,324.14,Low,Medium,3.5,0,0,0,1,2495.73,6
100446,2025-11-18,Fri,Night,50,Female,Bengaluru,Rajasthan,USA,Hindi,iOS,Redmi Note,iOS 16,1.2.3,ACT,affiliate,welcome_offer,E,view_home,1,1,1,44.0,5,0,0,0,0,93.51,Mid,High,2.0,0,0,1,1,4323.44,4
100447,2025-12-25,Thu,Morning,51,Male,Mumbai,MP,India,Bengali,Android,Oppo F21,Android 13,1.0.1,Jio,referral,remarketing,C,view_home,1,0,1,136.0,16,0,0,0,0,97.68,Low,Low,1.0,0,0,0,1,6064.31,5
100448,2025-12-11,Mon,Afternoon,30,Female,Hyderabad,Rajasthan,India,Telugu,Android,Redmi Note,Android 13,1.1.0,Airtel,affiliate,remarketing,C,notification_open,1,1,1,175.0,7,0,1,0,0,60.41,High,Low,3.5,1,0,1,1,2142.55,7
100449,2025-06-21,Sun,Afternoon,23,Male,Mumbai,Tamil Nadu,India,English,iOS,Vivo V27,Android 14,1.0.1,Jio,affiliate,welcome_offer,D,signup,1,1,1,267.0,6,0,1,0,0,106.56,High,Low,4.8,1,1,1,1,1383.18,7
100450,2026-03-09,Mon,Evening,38,Male,Indore,Tamil Nadu,India,Tamil,iOS,Redmi Note,Android 13,2.0.0,Airtel,organic,lookalike,A,app_launch,0,0,0,65.0,4,0,1,1,0,162.47,Mid,High,2.5,0,0,0,0,203.6,1
100451,2025-10-14,Thu,Afternoon,28,Male,Mumbai,Telangana,India,Bengali,Android,Oppo F21,Android 13,1.1.0,Other,affiliate,brand_search,B,promo_click,0,0,0,245.0,6,0,0,0,0,364.42,Low,Low,1.3,0,0,1,1,2736.61,6
100452,2025-11-01,Sat,Evening,47,Female,Hyderabad,Delhi,UAE,Bengali,Android,Oppo F21,Android 13,2.0.0,ACT,organic,welcome_offer,B,view_home,0,0,1,377.0,8,0,0,0,0,36.72,Low,Medium,1.3,0,0,0,1,2350.7,2
100453,2026-01-16,Tue,Morning,51,Male,Chennai,Telangana,India,Tamil,Android,Redmi Note,Android 13,2.1.1,BSNL,crm,remarketing,E,view_home,1,0,0,91.0,13,0,0,0,0,201.31,High,Low,1.0,1,0,0,1,9511.49,6
100454,2026-03-06,Sun,Evening,19,Female,Pune,Tamil Nadu,India,English,Android,Vivo V27,iOS 17,1.1.0,Airtel,meta,brand_search,C,view_home,1,1,1,129.0,9,0,0,0,0,345.92,Low,Low,2.0,0,0,1,0,154.23,4
100455,2025-08-25,Sat,Morning,42,Female,Pune,Rajasthan,India,Hindi,iOS,iPhone 14,Android 14,1.1.0,ACT,referral,install_campaign,C,notification_open,0,1,0,339.0,3,0,1,0,1,75.81,High,High,7.8,1,1,0,1,5762.73,3
100456,2025-09-25,Sun,Night,41,Female,Bengaluru,Maharashtra,India,Hindi,Android,Redmi Note,Android 14,1.2.3,Vi,meta,welcome_offer,E,view_home,1,1,1,128.0,4,0,1,0,0,20.97,Premium,Low,3.5,1,0,1,1,1255.11,4
100457,2025-09-01,Sat,Morning,35,Male,Mumbai,West Bengal,USA,English,iOS,Vivo V27,Android 12,1.2.3,ACT,meta,lookalike,A,view_home,0,1,0,145.0,6,0,1,0,0,233.25,Mid,Medium,3.5,0,0,1,0,98.47,1
100458,2025-01-21,Tue,Afternoon,43,Female,Indore,Maharashtra,India,Telugu,Android,Samsung A14,Android 13,1.2.3,ACT,meta,lookalike,C,view_service,1,0,0,105.0,9,0,0,0,0,266.32,Mid,Medium,0.0,0,0,1,0,144.81,0
100459,2024-12-14,Mon,Night,42,Female,Mumbai,Maharashtra,India,Bengali,Android,Oppo F21,Android 14,1.0.1,Airtel,referral,lookalike,C,app_launch,1,1,1,124.0,7,1,1,0,0,306.08,Mid,Medium,4.7,0,1,0,1,4736.98,5
100460,2025-09-08,Tue,Afternoon,59,Male,Mumbai,Maharashtra,India,English,Web,Samsung A14,Android 13,2.0.0,ACT,google,brand_search,A,signup,1,1,1,143.0,6,0,1,0,1,12.46,Low,High,6.5,0,1,1,1,2737.41,5
100461,2026-02-02,Tue,Evening,52,Male,Kolkata,Maharashtra,India,Bengali,Android,iPhone 13,Android 12,2.1.1,Vi,google,welcome_offer,B,signup,1,1,1,80.0,9,0,0,0,0,156.47,Low,Medium,2.0,0,0,1,1,2143.5,3
100462,2026-03-06,Wed,Morning,44,Male,Pune,Telangana,India,Tamil,iOS,iPhone 14,Android 14,2.1.1,ACT,organic,install_campaign,D,app_launch,0,0,1,572.0,6,1,1,0,0,120.35,Low,Medium,4.0,0,1,0,1,2125.7,6
100463,2025-03-20,Tue,Afternoon,52,Female,Jaipur,Karnataka,India,Bengali,Android,OnePlus Nord,Android 13,1.1.0,Other,organic,lookalike,E,promo_click,1,1,1,177.0,10,0,1,1,0,82.8,Mid,Low,4.5,0,1,0,1,6009.97,2
100464,2025-08-14,Sun,Morning,38,Female,Delhi,MP,India,English,Android,Oppo F21,iOS 16,1.2.3,Vi,referral,brand_search,D,view_service,1,1,1,174.0,6,0,1,1,0,233.53,Mid,Medium,4.5,0,1,0,0,133.36,0
100465,2025-12-17,Sat,Night,37,Male,Jaipur,Rajasthan,India,Hindi,Android,Redmi Note,iOS 16,2.1.1,Airtel,meta,welcome_offer,A,app_launch,1,1,1,198.0,15,0,1,0,0,13.94,High,Low,4.5,1,1,1,1,3764.05,3
100466,2025-02-06,Sat,Evening,46,Female,Chennai,MP,India,Hindi,Android,iPhone 13,iOS 17,1.0.1,Jio,meta,remarketing,D,promo_click,1,0,1,61.0,3,0,0,0,0,102.49,High,Low,0.0,1,0,1,1,4661.66,8
100467,2025-04-27,Sun,Evening,41,Male,Hyderabad,Maharashtra,India,Telugu,Android,Redmi Note,Android 14,2.1.1,Other,organic,remarketing,E,app_launch,1,0,1,84.0,10,0,0,0,1,277.01,Mid,Medium,3.0,0,0,0,1,760.41,8
100468,2025-04-26,Thu,Morning,26,Female,Hyderabad,Rajasthan,India,Hindi,Android,OnePlus Nord,Android 14,2.1.1,Other,google,welcome_offer,E,app_launch,1,0,1,268.0,12,0,0,0,0,191.8,High,Medium,2.3,1,0,1,0,123.1,0
100469,2025-06-07,Tue,Night,39,Female,Mumbai,Delhi,India,Telugu,Android,Samsung A14,Android 12,1.0.1,Airtel,meta,welcome_offer,A,signup,1,1,0,319.0,8,0,0,1,1,111.08,Low,Medium,7.3,0,1,1,1,3275.66,2
100470,2026-01-05,Thu,Afternoon,55,Female,Delhi,Telangana,India,Hindi,Android,Oppo F21,Android 12,2.1.1,Airtel,organic,lookalike,C,view_home,1,0,1,62.0,9,0,1,0,1,247.67,Low,Low,4.5,0,1,0,1,4148.14,9
100471,2025-12-04,Wed,Afternoon,23,Female,Pune,Tamil Nadu,India,Bengali,iOS,Oppo F21,Android 12,2.1.1,Jio,referral,welcome_offer,E,view_home,1,1,0,524.0,4,0,0,0,0,33.17,Low,Low,3.3,0,0,0,1,2415.93,8
100472,2025-09-29,Sun,Evening,19,Female,Bengaluru,Tamil Nadu,India,Hindi,Android,OnePlus Nord,iOS 16,2.1.1,BSNL,organic,remarketing,D,view_home,1,1,1,882.0,10,1,1,1,0,40.97,Low,Low,7.0,0,1,0,1,3276.15,5
100473,2024-12-20,Sat,Morning,47,Female,Hyderabad,West Bengal,India,Telugu,Android,Redmi Note,iOS 16,1.0.1,BSNL,meta,organic,D,view_service,0,1,1,201.0,6,0,0,0,0,77.14,Mid,Medium,2.0,0,0,1,0,293.14,0
100474,2025-03-31,Mon,Morning,41,Female,Bengaluru,Rajasthan,India,Telugu,Web,Vivo V27,iOS 17,1.1.0,Jio,crm,organic,D,notification_open,0,0,0,158.0,11,0,0,0,0,32.07,Mid,Low,1.0,0,0,0,0,202.14,2
100475,2025-05-12,Wed,Morning,29,Male,Chennai,Maharashtra,India,English,Android,iPhone 14,iOS 16,1.1.0,Airtel,meta,brand_search,E,signup,1,0,0,173.0,11,0,0,0,0,175.87,Mid,Medium,1.0,0,0,1,0,42.04,1
100476,2025-07-15,Sat,Morning,23,Female,Kolkata,Maharashtra,India,Telugu,Web,Samsung A14,iOS 17,1.2.3,Airtel,crm,brand_search,A,view_service,1,0,0,528.0,6,0,1,0,0,115.86,Low,High,2.8,0,0,0,1,3699.07,2
100477,2025-05-03,Sun,Night,54,Male,Pune,Rajasthan,India,Tamil,Android,Redmi Note,iOS 16,1.1.0,BSNL,affiliate,lookalike,C,view_home,1,0,1,129.0,8,0,1,0,0,73.02,Low,High,1.5,0,0,1,1,3145.21,4
100478,2024-12-19,Mon,Afternoon,52,Male,Jaipur,Telangana,India,Telugu,iOS,Samsung A14,Android 14,2.0.0,Other,referral,remarketing,B,app_launch,0,1,0,79.0,11,0,1,0,0,138.84,Low,Medium,4.5,0,1,0,1,6249.27,6
100479,2026-05-26,Tue,Afternoon,29,Male,Pune,Rajasthan,USA,English,iOS,OnePlus Nord,iOS 16,2.1.1,Jio,referral,lookalike,E,signup,0,1,0,263.0,13,0,0,0,0,126.02,Mid,Low,4.3,0,1,0,1,5695.03,6
100480,2024-12-24,Sun,Morning,42,Female,Pune,Maharashtra,India,Hindi,iOS,Vivo V27,Android 14,1.1.0,BSNL,meta,remarketing,D,signup,1,0,1,123.0,7,1,1,0,0,120.61,Premium,Medium,2.7,1,0,1,1,3557.49,4
100481,2025-10-15,Wed,Morning,56,Female,Pune,Rajasthan,India,English,Android,Redmi Note,iOS 17,1.1.0,Other,affiliate,lookalike,B,app_launch,1,0,0,115.0,9,0,0,0,0,317.79,Mid,Medium,0.0,0,0,1,0,379.92,0
100482,2025-06-23,Sun,Evening,32,Female,Bengaluru,Delhi,India,Telugu,Android,iPhone 13,Android 12,2.1.1,BSNL,affiliate,organic,A,view_service,0,0,1,180.0,8,1,0,0,0,3.52,Mid,Low,1.2,0,0,1,0,384.39,0
100483,2026-02-21,Sat,Night,46,Male,Delhi,Maharashtra,UK,Tamil,Android,Samsung A14,Android 12,2.1.1,Other,organic,organic,E,notification_open,1,0,1,691.0,15,0,1,0,0,110.23,Mid,Medium,3.8,0,0,0,1,2154.24,4
100484,2025-10-05,Fri,Morning,32,Female,Delhi,Delhi,India,Tamil,Android,Samsung A14,iOS 16,1.1.0,Jio,organic,remarketing,D,promo_click,1,1,1,269.0,10,0,1,0,0,94.11,Low,High,4.8,0,1,0,1,4173.15,5
100485,2026-01-30,Thu,Afternoon,43,Male,Bengaluru,Maharashtra,UAE,Telugu,iOS,Samsung A14,Android 14,1.0.1,BSNL,organic,lookalike,E,view_home,1,0,1,403.0,8,1,1,0,0,154.95,High,Low,4.0,1,1,0,1,3101.79,3
100486,2025-03-09,Tue,Night,31,Female,Mumbai,Tamil Nadu,India,Telugu,Android,Samsung A14,Android 14,2.1.1,Vi,referral,remarketing,E,view_home,1,0,0,209.0,7,0,0,0,0,9.38,Low,Low,0.0,0,0,0,0,872.47,1
100487,2025-12-09,Sun,Morning,52,Male,Pune,Maharashtra,India,English,Web,Samsung A14,Android 12,2.1.1,Other,referral,remarketing,C,view_home,1,0,1,596.0,10,1,1,0,0,108.56,Low,Low,4.0,0,1,0,1,2087.87,6
100488,2026-05-16,Thu,Evening,28,Female,Hyderabad,West Bengal,India,Telugu,Web,OnePlus Nord,iOS 16,1.1.0,Vi,affiliate,brand_search,A,view_home,1,0,0,79.0,7,0,1,0,0,26.19,Low,Low,1.5,0,0,1,1,3971.75,10
100489,2025-11-09,Tue,Morning,44,Female,Kolkata,Karnataka,India,Tamil,Web,Oppo F21,Android 13,1.0.1,ACT,meta,brand_search,C,signup,1,1,1,40.0,10,0,1,0,0,43.55,Mid,High,3.5,0,0,1,1,5226.51,3
100490,2025-12-06,Mon,Evening,32,Male,Pune,MP,Canada,Bengali,iOS,Redmi Note,Android 12,2.0.0,Airtel,affiliate,welcome_offer,B,promo_click,1,0,1,499.0,8,0,0,0,1,68.54,Low,Low,4.3,0,1,1,1,2249.58,4
100491,2025-06-01,Sun,Afternoon,28,Male,Bengaluru,Maharashtra,India,English,iOS,Oppo F21,Android 13,2.0.0,Jio,referral,welcome_offer,E,view_service,1,0,0,45.0,7,0,1,0,0,111.93,Low,Low,1.5,0,0,0,0,90.14,0
100492,2026-02-05,Wed,Morning,56,Female,Delhi,West Bengal,India,Bengali,Android,Redmi Note,Android 13,2.1.1,Other,crm,brand_search,D,signup,0,0,1,183.0,4,1,1,0,0,101.45,High,High,2.7,1,0,0,1,3872.54,7
100493,2025-03-13,Sun,Morning,27,Female,Kolkata,Karnataka,India,Hindi,Android,iPhone 14,Android 12,2.1.1,Jio,referral,welcome_offer,D,promo_click,0,1,1,138.0,8,0,0,0,0,74.81,Mid,High,2.0,0,0,0,1,3956.66,4
100494,2025-06-23,Sun,Evening,58,Female,Delhi,Maharashtra,USA,Tamil,Android,Samsung A14,Android 12,1.1.0,BSNL,crm,install_campaign,B,view_service,0,0,0,164.0,3,0,0,0,0,21.42,Mid,Medium,0.0,0,0,0,0,38.89,1
100495,2025-08-25,Sat,Afternoon,47,Female,Jaipur,Tamil Nadu,India,Hindi,Android,Redmi Note,iOS 17,2.1.1,Other,crm,brand_search,E,view_home,1,1,0,206.0,9,0,0,0,1,205.81,Low,Medium,5.0,0,1,0,1,1356.66,3
100496,2025-12-19,Mon,Afternoon,58,Other,Chennai,Karnataka,India,Telugu,Android,Redmi Note,Android 14,2.1.1,Airtel,referral,organic,D,promo_click,1,0,1,413.0,7,1,1,0,0,206.55,High,Low,4.0,1,1,0,1,1170.18,11
100497,2025-04-19,Fri,Evening,32,Male,Hyderabad,Telangana,India,Bengali,iOS,iPhone 14,Android 14,1.1.0,ACT,affiliate,welcome_offer,D,view_home,1,1,1,513.0,9,0,0,1,0,85.18,Mid,Medium,4.3,0,1,1,1,2262.53,2
100498,2025-04-12,Tue,Morning,51,Male,Pune,Maharashtra,India,Tamil,Android,Redmi Note,Android 13,1.0.1,Other,organic,organic,D,view_home,1,0,1,389.0,10,0,1,0,0,314.8,High,Low,2.8,1,0,0,1,3759.14,5
100499,2026-04-26,Tue,Night,27,Female,Indore,MP,India,Telugu,Android,Oppo F21,Android 12,1.2.3,Airtel,google,lookalike,D,view_service,1,0,1,301.0,12,0,0,0,0,405.14,Low,Medium,2.3,0,0,1,1,2772.68,7
100500,2025-12-09,Sat,Afternoon,54,Other,Jaipur,Telangana,India,Telugu,iOS,Samsung A14,Android 14,1.2.3,ACT,meta,lookalike,A,view_home,0,1,0,864.0,9,0,0,0,0,369.07,Premium,Medium,3.3,1,0,1,1,1212.61,10
100501,2026-05-18,Tue,Night,27,Male,Jaipur,Delhi,India,Tamil,iOS,OnePlus Nord,iOS 16,1.2.3,BSNL,referral,brand_search,C,app_launch,1,0,0,82.0,8,0,1,0,0,92.43,Mid,Medium,1.5,0,0,0,0,15.75,1
100502,2025-05-07,Sun,Evening,23,Male,Delhi,Telangana,India,Hindi,Android,OnePlus Nord,iOS 16,2.0.0,ACT,affiliate,welcome_offer,E,app_launch,0,1,1,201.0,12,0,1,1,0,271.64,Low,High,5.5,0,1,1,1,3165.26,3
100503,2025-08-12,Fri,Afternoon,58,Female,Jaipur,Telangana,India,Bengali,Android,iPhone 14,Android 13,1.1.0,Jio,google,organic,E,app_launch,1,0,1,443.0,6,0,0,0,1,95.63,Premium,Medium,4.3,1,1,1,1,2107.34,4
100504,2025-11-24,Mon,Night,23,Female,Hyderabad,Telangana,India,Tamil,Android,OnePlus Nord,Android 13,1.1.0,ACT,google,remarketing,A,signup,1,0,1,219.0,8,0,1,0,0,141.41,Mid,High,1.5,0,0,1,1,3643.65,6
100505,2025-06-17,Wed,Night,58,Male,Hyderabad,Rajasthan,India,English,Android,Vivo V27,Android 13,2.0.0,Vi,meta,organic,A,promo_click,1,0,0,191.0,7,0,0,0,0,156.17,Mid,Medium,0.0,0,0,1,0,15.46,0
100506,2026-03-06,Sun,Evening,45,Female,Indore,Tamil Nadu,India,Tamil,Android,OnePlus Nord,iOS 16,2.1.1,ACT,referral,organic,C,view_service,1,1,0,289.0,12,0,0,0,0,349.76,Mid,Low,4.3,0,1,0,1,2216.38,5
100507,2025-12-28,Wed,Morning,58,Male,Hyderabad,Karnataka,India,Bengali,iOS,Oppo F21,iOS 17,2.1.1,BSNL,meta,welcome_offer,A,view_service,0,0,0,93.0,8,0,1,1,0,156.93,Mid,Medium,2.5,0,0,1,0,1100.24,2
100508,2026-02-16,Sat,Morning,47,Female,Pune,Tamil Nadu,India,Tamil,Android,iPhone 13,Android 14,1.0.1,BSNL,google,welcome_offer,A,view_home,1,1,1,325.0,8,0,0,1,0,74.11,Low,Medium,4.3,0,1,1,1,2375.74,5
100509,2025-01-21,Sun,Afternoon,35,Female,Delhi,West Bengal,India,Hindi,iOS,Vivo V27,Android 13,1.1.0,Airtel,affiliate,organic,D,signup,1,0,0,171.0,4,0,0,1,0,36.86,Mid,Low,1.0,0,0,1,1,1909.47,5
100510,2026-02-17,Mon,Afternoon,54,Male,Delhi,MP,India,Hindi,Android,OnePlus Nord,Android 13,1.0.1,BSNL,organic,install_campaign,A,view_home,1,1,0,350.0,7,0,1,0,1,185.07,Low,Medium,7.8,0,1,0,0,384.74,1
100511,2025-03-30,Sun,Morning,47,Female,Mumbai,West Bengal,India,Bengali,iOS,Vivo V27,iOS 16,1.2.3,Airtel,crm,lookalike,B,app_launch,1,1,1,232.0,5,0,0,1,1,83.65,Mid,Medium,6.0,0,1,0,0,201.07,2
100512,2025-01-18,Sun,Afternoon,51,Female,Indore,Delhi,India,English,Android,iPhone 13,Android 12,2.1.1,BSNL,meta,remarketing,D,app_launch,0,1,0,300.0,8,0,1,0,0,87.98,Low,Low,4.8,0,1,1,1,6007.88,3
100513,2025-03-05,Thu,Afternoon,29,Male,Jaipur,MP,India,English,Android,Oppo F21,Android 13,2.1.1,Airtel,meta,welcome_offer,C,notification_open,0,0,1,95.0,11,0,1,0,0,187.77,Premium,Low,2.5,1,0,1,0,129.69,2
100514,2025-02-01,Sun,Night,26,Male,Bengaluru,Maharashtra,India,Hindi,Android,Oppo F21,Android 12,1.2.3,Airtel,google,remarketing,D,view_home,0,0,1,341.0,5,1,1,0,0,194.95,Low,Low,4.0,0,1,1,1,4480.87,7
100515,2025-11-03,Mon,Night,30,Male,Kolkata,Telangana,India,Tamil,Web,Oppo F21,iOS 17,1.1.0,Airtel,referral,lookalike,A,app_launch,0,0,0,83.0,7,0,0,0,0,33.62,High,Low,0.0,1,0,0,0,189.44,1
100516,2025-11-06,Sun,Night,37,Male,Pune,MP,India,English,Android,Redmi Note,Android 12,1.1.0,ACT,affiliate,brand_search,D,promo_click,1,1,1,251.0,8,1,1,0,0,179.92,High,Medium,6.0,1,1,1,1,5131.19,5
100517,2025-12-25,Mon,Morning,33,Female,Kolkata,MP,India,Bengali,Android,Oppo F21,Android 13,2.1.1,Other,meta,organic,E,promo_click,1,0,1,103.0,10,0,0,0,0,111.01,Mid,Medium,0.0,0,0,1,0,145.6,0
100518,2026-01-10,Wed,Afternoon,32,Female,Delhi,West Bengal,India,Hindi,Android,Vivo V27,iOS 16,1.0.1,ACT,affiliate,lookalike,C,app_launch,0,1,1,403.0,9,0,0,0,0,133.49,Mid,Low,3.3,0,0,1,0,15.96,1
100519,2025-09-06,Sat,Evening,52,Female,Jaipur,Rajasthan,India,Hindi,Web,Oppo F21,Android 13,1.2.3,ACT,crm,organic,B,promo_click,1,1,1,295.0,3,0,1,0,1,348.83,High,High,7.8,1,1,0,0,285.58,3
100520,2026-04-30,Mon,Afternoon,39,Male,Jaipur,Maharashtra,India,Telugu,Android,iPhone 14,Android 13,1.0.1,Other,affiliate,brand_search,E,view_service,1,0,0,188.0,14,1,0,0,0,271.67,Low,Medium,2.2,0,0,1,0,75.6,1
100521,2025-01-14,Wed,Afternoon,52,Male,Chennai,MP,India,Telugu,Android,Redmi Note,iOS 16,1.2.3,BSNL,referral,remarketing,D,view_service,0,1,1,308.0,5,0,0,1,0,36.58,Mid,Low,4.3,0,1,0,1,2743.12,7
100522,2026-03-20,Wed,Night,34,Male,Jaipur,West Bengal,Canada,Bengali,Android,Oppo F21,Android 12,1.1.0,Other,crm,remarketing,B,app_launch,0,0,0,215.0,9,0,0,0,0,8.08,Mid,High,0.0,0,0,0,0,357.86,3
100523,2025-09-27,Tue,Night,58,Female,Mumbai,Tamil Nadu,India,Hindi,Android,iPhone 13,Android 14,2.0.0,BSNL,organic,lookalike,B,app_launch,1,0,1,188.0,7,1,1,0,0,9.23,Low,High,2.7,0,0,0,1,1417.15,4
100524,2025-04-27,Tue,Night,18,Male,Hyderabad,West Bengal,India,Tamil,iOS,Oppo F21,iOS 16,2.1.1,ACT,meta,install_campaign,C,promo_click,0,0,1,301.0,5,0,0,0,0,315.15,Premium,Low,1.3,1,0,1,1,3015.68,3
100525,2025-02-14,Tue,Afternoon,38,Female,Bengaluru,Telangana,India,Tamil,iOS,iPhone 14,Android 14,2.1.1,Airtel,google,remarketing,E,app_launch,1,1,1,152.0,6,0,1,0,0,143.7,Mid,High,3.5,0,0,1,1,3111.73,5
100526,2025-12-23,Tue,Night,19,Female,Kolkata,Tamil Nadu,India,Tamil,Android,iPhone 14,Android 12,2.0.0,Jio,meta,lookalike,C,notification_open,1,1,0,177.0,9,0,0,1,0,94.7,Mid,Low,3.0,0,0,1,0,160.15,0
100527,2026-05-17,Wed,Morning,27,Male,Bengaluru,Karnataka,India,Hindi,Android,OnePlus Nord,iOS 16,1.2.3,Jio,referral,remarketing,B,app_launch,0,0,1,853.0,12,0,0,0,1,141.67,Low,Low,5.3,0,1,0,1,5606.27,5
100528,2025-09-12,Tue,Morning,52,Female,Pune,Tamil Nadu,India,Bengali,Android,iPhone 13,iOS 17,1.0.1,Airtel,referral,install_campaign,B,promo_click,1,0,0,77.0,7,0,1,0,0,43.93,Mid,Medium,1.5,0,0,0,0,402.61,0
100529,2024-12-30,Wed,Night,52,Male,Bengaluru,Tamil Nadu,India,English,Android,iPhone 13,Android 14,2.0.0,ACT,crm,brand_search,A,view_home,0,0,1,151.0,6,0,0,0,0,206.39,High,Low,0.0,1,0,0,0,93.68,1
100530,2025-04-15,Mon,Morning,41,Female,Chennai,Maharashtra,India,English,Android,Samsung A14,Android 13,2.1.1,Other,google,install_campaign,C,app_launch,1,0,0,123.0,3,0,1,0,0,228.7,Mid,Low,1.5,0,0,1,0,285.83,1
100531,2025-11-09,Thu,Afternoon,51,Female,Kolkata,Rajasthan,India,English,Android,Vivo V27,iOS 17,2.0.0,Airtel,affiliate,welcome_offer,D,view_service,0,0,1,315.0,3,0,0,0,0,55.01,Mid,Low,1.3,0,0,1,0,266.64,1
100532,2025-03-08,Tue,Morning,37,Male,Bengaluru,Telangana,India,Bengali,Android,OnePlus Nord,Android 13,1.0.1,Other,referral,remarketing,B,notification_open,1,1,1,276.0,9,1,0,0,0,206.68,Mid,Low,4.5,0,1,0,1,2289.89,4
100533,2025-03-22,Fri,Afternoon,29,Female,Mumbai,Karnataka,India,Telugu,Android,Samsung A14,Android 14,1.1.0,Jio,google,organic,E,app_launch,1,0,0,242.0,9,0,0,0,0,195.28,Low,Medium,1.3,0,0,1,1,2943.98,5
100534,2025-03-31,Sat,Morning,35,Female,Delhi,West Bengal,India,Tamil,Android,OnePlus Nord,Android 12,1.2.3,Jio,meta,brand_search,D,signup,1,1,1,62.0,10,0,0,0,0,172.38,High,Low,2.0,1,0,1,0,188.27,4
100535,2025-02-25,Mon,Evening,54,Female,Indore,Delhi,India,Bengali,Android,iPhone 13,Android 14,1.1.0,ACT,meta,lookalike,D,signup,0,0,1,225.0,10,0,0,0,0,240.44,High,High,0.0,1,0,1,0,287.3,0
100536,2025-02-18,Mon,Evening,49,Female,Hyderabad,Karnataka,India,Tamil,Android,OnePlus Nord,iOS 17,2.1.1,BSNL,google,lookalike,C,view_home,1,0,0,293.0,8,0,0,0,1,73.7,Mid,Low,4.3,0,1,1,1,6299.06,5
100537,2025-09-23,Sat,Morning,28,Male,Chennai,West Bengal,India,Bengali,iOS,iPhone 14,iOS 16,1.0.1,Jio,organic,brand_search,C,view_home,1,0,0,146.0,3,1,1,1,0,89.38,Low,Medium,3.7,0,0,0,0,128.04,0
100538,2025-08-21,Tue,Evening,36,Male,Delhi,Delhi,UAE,Hindi,Android,Redmi Note,Android 13,1.1.0,Other,crm,remarketing,C,app_launch,1,1,0,68.0,5,0,0,0,0,172.08,Low,Medium,2.0,0,0,0,1,5642.66,5
100539,2026-02-17,Fri,Morning,36,Female,Bengaluru,MP,India,Tamil,Web,Oppo F21,iOS 16,2.0.0,ACT,organic,lookalike,D,notification_open,1,0,0,202.0,11,0,0,0,0,132.24,Mid,Medium,1.0,0,0,0,0,91.25,0
100540,2025-04-23,Fri,Night,21,Male,Mumbai,Karnataka,India,Bengali,iOS,Oppo F21,Android 14,1.1.0,Vi,google,install_campaign,B,promo_click,1,1,1,115.0,3,0,0,0,0,92.36,Mid,Low,2.0,0,0,1,0,114.11,0
100541,2025-02-24,Mon,Night,51,Male,Hyderabad,Tamil Nadu,India,Hindi,Android,iPhone 14,Android 14,2.1.1,Jio,google,organic,E,notification_open,1,0,1,355.0,10,1,1,0,0,251.32,High,High,4.0,1,1,1,1,3266.13,8
100542,2025-01-29,Fri,Afternoon,40,Female,Pune,Tamil Nadu,India,Telugu,iOS,Samsung A14,iOS 17,1.1.0,Vi,crm,remarketing,B,app_launch,1,0,0,183.0,7,1,1,0,0,11.76,Low,Medium,2.7,0,0,0,1,4897.91,7
100543,2026-03-15,Thu,Afternoon,39,Male,Mumbai,Tamil Nadu,India,Bengali,Android,iPhone 13,Android 12,2.1.1,Vi,affiliate,install_campaign,E,app_launch,1,1,0,146.0,11,1,1,0,0,158.83,High,Low,5.7,1,1,1,1,1660.28,8
100544,2025-07-03,Mon,Afternoon,34,Female,Bengaluru,Delhi,India,Hindi,Android,Vivo V27,Android 14,1.2.3,Airtel,crm,organic,C,view_service,1,0,1,303.0,7,1,1,0,0,106.47,Low,Medium,4.0,0,1,0,1,2479.42,3
100545,2025-12-22,Tue,Morning,35,Female,Hyderabad,Maharashtra,India,Hindi,Android,iPhone 13,Android 12,2.0.0,Vi,organic,organic,E,view_service,1,1,1,85.0,10,0,1,0,0,59.66,Mid,Medium,3.5,0,0,0,1,306.8,1
100546,2024-12-23,Sun,Night,44,Male,Chennai,Delhi,India,English,Android,Samsung A14,iOS 17,1.2.3,Jio,organic,organic,D,signup,1,1,1,266.0,12,1,1,0,0,119.05,High,Low,7.0,1,1,0,1,689.49,3
100547,2026-02-20,Fri,Night,46,Female,Hyderabad,Telangana,India,Bengali,Android,iPhone 13,Android 14,1.1.0,ACT,affiliate,install_campaign,E,app_launch,1,0,1,137.0,7,1,0,1,0,19.42,Low,Medium,2.2,0,0,1,0,32.12,2
100548,2025-08-22,Thu,Afternoon,41,Female,Hyderabad,MP,India,English,Android,iPhone 13,iOS 16,2.1.1,Airtel,meta,install_campaign,D,signup,1,1,1,83.0,19,0,1,0,1,109.43,Low,Medium,7.5,0,1,1,0,23.51,0
100549,2025-08-12,Mon,Night,32,Male,Pune,Rajasthan,India,Bengali,Android,Samsung A14,iOS 17,1.1.0,Jio,crm,brand_search,E,promo_click,0,0,0,503.0,9,1,0,1,0,111.81,Low,Medium,3.5,0,0,0,1,7395.82,6
100550,2025-10-01,Wed,Morning,43,Female,Kolkata,West Bengal,India,Bengali,Android,Redmi Note,Android 14,1.2.3,Airtel,organic,lookalike,C,app_launch,1,0,1,154.0,7,1,1,0,1,305.37,High,High,5.7,1,1,0,1,2913.43,7
100551,2026-03-28,Sat,Night,48,Male,Delhi,Karnataka,India,Telugu,Android,iPhone 14,Android 12,1.2.3,ACT,organic,welcome_offer,C,view_home,1,1,0,80.0,10,0,0,0,0,19.83,Low,Medium,2.0,0,0,0,0,317.51,1
100552,2025-12-01,Sun,Afternoon,22,Female,Bengaluru,Karnataka,India,Hindi,Android,iPhone 13,iOS 16,1.2.3,BSNL,crm,brand_search,E,signup,0,0,1,318.0,5,0,1,0,0,82.19,Low,Low,2.8,0,0,0,1,4664.86,4
100553,2026-05-24,Tue,Morning,52,Female,Bengaluru,West Bengal,India,Tamil,Android,OnePlus Nord,iOS 17,1.1.0,Other,affiliate,install_campaign,A,promo_click,1,0,1,71.0,13,1,0,0,0,31.09,Low,Low,2.2,0,0,1,1,336.37,6
100554,2025-11-15,Fri,Afternoon,39,Male,Bengaluru,Tamil Nadu,India,Tamil,iOS,Oppo F21,Android 13,1.0.1,Other,meta,brand_search,C,notification_open,1,1,1,139.0,8,0,0,0,0,255.55,High,Low,2.0,1,0,1,1,1248.04,8
100555,2025-10-04,Sun,Evening,26,Female,Delhi,Rajasthan,India,Tamil,Android,iPhone 14,Android 12,1.1.0,Other,organic,brand_search,E,promo_click,1,0,1,181.0,7,0,1,1,0,55.65,Low,Medium,2.5,0,0,0,1,2491.06,5
100556,2025-06-23,Sat,Afternoon,25,Female,Delhi,MP,India,Bengali,iOS,iPhone 13,iOS 16,1.0.1,ACT,affiliate,install_campaign,B,signup,1,0,1,384.0,7,1,0,0,0,54.1,High,Low,2.5,1,0,1,1,2069.08,2
100557,2026-05-24,Wed,Afternoon,46,Male,Bengaluru,MP,India,English,Android,OnePlus Nord,Android 14,2.1.1,Other,organic,welcome_offer,A,view_home,1,0,0,359.0,6,0,1,1,0,59.46,Low,Medium,3.8,0,0,0,1,1625.03,3
100558,2026-01-10,Fri,Night,37,Female,Indore,West Bengal,India,Telugu,Android,Vivo V27,Android 14,1.2.3,Airtel,google,organic,E,view_home,1,0,1,118.0,4,0,1,0,0,228.26,Mid,Medium,1.5,0,0,1,0,21.47,1
100559,2026-01-28,Sat,Morning,25,Male,Pune,Delhi,India,Telugu,iOS,OnePlus Nord,Android 13,2.0.0,Other,google,organic,A,notification_open,0,1,0,120.0,7,0,0,0,0,21.62,Low,Medium,2.0,0,0,1,1,889.38,4
100560,2026-02-10,Wed,Night,24,Female,Mumbai,Telangana,India,Tamil,Android,iPhone 14,Android 14,1.0.1,Jio,referral,brand_search,B,promo_click,0,1,1,108.0,6,1,0,0,0,115.58,Low,Low,3.2,0,0,0,0,150.04,1
100561,2025-08-12,Mon,Evening,26,Male,Mumbai,Rajasthan,India,Tamil,Android,iPhone 13,Android 14,2.0.0,BSNL,referral,welcome_offer,A,signup,1,0,0,139.0,10,1,0,0,0,92.51,Mid,Low,1.2,0,0,0,0,75.47,4
100562,2025-01-31,Sun,Night,38,Male,Pune,West Bengal,UK,Tamil,Android,iPhone 14,Android 14,1.0.1,Airtel,crm,lookalike,D,view_home,0,0,0,178.0,9,0,1,0,0,208.95,Low,Low,1.5,0,0,0,1,1534.37,4
100563,2025-10-12,Sat,Morning,34,Female,Mumbai,Karnataka,India,Bengali,Android,Redmi Note,Android 12,1.0.1,Other,crm,organic,B,view_home,1,0,1,121.0,8,0,0,1,0,163.92,High,Medium,1.0,1,0,0,0,15.11,2
100564,2025-06-14,Wed,Morning,34,Female,Mumbai,Telangana,India,Bengali,iOS,Samsung A14,Android 12,1.0.1,Jio,google,lookalike,E,view_home,0,0,1,116.0,13,1,0,0,0,148.74,Mid,Low,2.2,0,0,1,0,208.24,2
100565,2025-03-10,Tue,Afternoon,23,Male,Chennai,Telangana,India,English,Android,iPhone 13,Android 12,1.0.1,ACT,google,remarketing,A,signup,0,0,1,111.0,7,0,0,0,0,15.11,Low,High,0.0,0,0,1,1,6686.1,2
100566,2025-08-27,Sat,Night,41,Female,Pune,Rajasthan,India,Bengali,Android,Vivo V27,iOS 17,1.2.3,Airtel,crm,organic,C,view_home,1,1,1,166.0,6,0,0,0,0,39.26,Low,High,2.0,0,0,0,0,113.39,0
100567,2025-09-11,Tue,Night,38,Female,Bengaluru,Delhi,UK,Tamil,iOS,OnePlus Nord,iOS 17,1.1.0,Airtel,affiliate,install_campaign,D,notification_open,1,1,1,38.0,5,0,1,0,1,316.4,Low,Medium,6.5,0,1,1,1,1503.59,7
100568,2025-04-24,Sat,Morning,21,Male,Mumbai,Karnataka,Canada,Hindi,Android,Oppo F21,iOS 16,1.0.1,Vi,meta,welcome_offer,E,app_launch,0,1,0,306.0,8,1,0,0,1,32.84,Mid,Low,7.5,0,1,1,1,1627.56,3
100569,2025-01-07,Sat,Evening,19,Male,Pune,Rajasthan,India,Hindi,Android,OnePlus Nord,Android 14,2.0.0,Other,referral,welcome_offer,D,view_service,1,0,1,971.0,6,0,0,1,0,146.78,Mid,High,2.3,0,0,0,1,6442.09,7
100570,2025-01-07,Tue,Morning,22,Female,Bengaluru,Tamil Nadu,UAE,Bengali,Web,iPhone 14,Android 13,1.0.1,ACT,google,brand_search,E,notification_open,0,0,1,269.0,7,1,0,0,0,119.01,Low,Medium,2.5,0,0,1,1,4085.34,2
100571,2026-03-30,Sat,Evening,54,Male,Delhi,Telangana,India,Tamil,iOS,iPhone 14,Android 14,1.0.1,BSNL,meta,remarketing,B,view_home,0,1,0,128.0,7,0,0,0,0,191.58,Mid,High,2.0,0,0,1,1,234.34,2
100572,2025-08-20,Wed,Night,19,Other,Hyderabad,MP,USA,Telugu,Android,Samsung A14,iOS 16,1.0.1,ACT,meta,lookalike,D,notification_open,1,0,1,223.0,12,0,0,0,0,50.92,Low,Low,1.0,0,0,1,1,1766.23,2
100573,2026-02-13,Sat,Evening,56,Male,Kolkata,West Bengal,India,Hindi,iOS,Vivo V27,iOS 17,1.2.3,BSNL,google,remarketing,B,signup,1,0,0,211.0,12,0,1,0,1,121.93,Mid,High,5.5,0,1,1,1,1425.95,5
100574,2025-11-25,Mon,Night,57,Male,Indore,Karnataka,India,English,Android,Vivo V27,Android 12,1.1.0,BSNL,meta,lookalike,E,promo_click,1,0,1,66.0,11,0,0,0,0,210.64,Mid,High,1.0,0,0,1,0,175.67,0
100575,2025-11-23,Tue,Afternoon,23,Female,Bengaluru,Maharashtra,UK,Bengali,Android,Oppo F21,iOS 16,2.0.0,BSNL,organic,install_campaign,D,view_service,0,0,1,306.0,10,0,0,0,0,139.44,Premium,Medium,1.3,1,0,0,1,2247.39,4
100576,2026-03-01,Fri,Morning,50,Male,Bengaluru,Telangana,UK,Telugu,Web,iPhone 13,iOS 16,1.1.0,Other,meta,lookalike,A,notification_open,1,0,1,272.0,6,0,1,0,0,114.65,Mid,Low,2.8,0,0,1,1,2298.11,3
100577,2025-07-06,Mon,Evening,54,Male,Chennai,West Bengal,India,Telugu,iOS,OnePlus Nord,Android 13,2.0.0,Jio,referral,welcome_offer,B,view_service,0,0,0,130.0,12,0,1,0,0,10.31,Mid,High,2.5,0,0,0,0,210.21,0
100578,2025-12-08,Thu,Afternoon,40,Male,Mumbai,Delhi,India,Hindi,Android,Vivo V27,Android 12,2.1.1,ACT,referral,remarketing,C,view_service,1,0,0,480.0,11,0,0,0,0,45.36,Low,Low,2.3,0,0,0,1,3616.01,6
100579,2025-01-11,Tue,Evening,40,Male,Kolkata,Maharashtra,India,Telugu,Android,Vivo V27,Android 12,1.2.3,Other,referral,organic,D,promo_click,1,0,1,555.0,5,1,1,0,0,221.37,Mid,Low,4.0,0,1,0,1,5578.19,7
100580,2025-07-26,Sun,Night,29,Male,Bengaluru,Rajasthan,India,Bengali,iOS,Samsung A14,Android 13,2.1.1,Other,crm,organic,D,view_home,1,0,1,69.0,8,0,0,0,0,44.86,Low,Low,0.0,0,0,0,0,230.91,1
100581,2026-05-26,Wed,Evening,33,Male,Pune,Maharashtra,India,Tamil,Android,OnePlus Nord,iOS 17,1.1.0,Other,google,remarketing,B,promo_click,1,1,1,199.0,10,0,0,0,1,80.21,Mid,High,5.0,0,1,1,0,592.87,2
100582,2026-02-12,Sun,Night,44,Male,Pune,Tamil Nadu,India,Hindi,iOS,Samsung A14,Android 14,2.0.0,Other,google,brand_search,E,view_service,1,0,1,103.0,5,1,0,0,0,184.46,High,Medium,1.2,1,0,1,0,40.74,0
100583,2025-05-30,Thu,Night,37,Male,Pune,Tamil Nadu,India,Bengali,iOS,Redmi Note,iOS 17,1.1.0,Jio,organic,remarketing,C,app_launch,1,0,0,43.0,8,0,0,0,0,156.07,Low,Low,0.0,0,0,0,1,1392.99,8
100584,2025-05-22,Mon,Night,47,Male,Jaipur,Delhi,India,Hindi,Android,Redmi Note,iOS 17,2.0.0,Jio,affiliate,organic,A,view_service,1,0,1,32.0,11,1,0,0,0,267.24,High,Low,2.2,1,0,1,1,3936.79,4
100585,2025-01-03,Mon,Evening,41,Other,Jaipur,Karnataka,India,English,Android,iPhone 13,iOS 17,2.1.1,Jio,crm,welcome_offer,B,view_home,1,1,0,49.0,4,0,0,0,0,91.99,Premium,Medium,2.0,1,0,0,1,7192.24,2
100586,2025-06-10,Tue,Morning,35,Male,Chennai,Karnataka,Canada,Bengali,iOS,Samsung A14,iOS 17,1.2.3,ACT,crm,brand_search,B,view_service,1,0,1,101.0,11,0,1,0,0,121.84,Low,Low,2.5,0,0,0,1,1408.05,2
100587,2025-10-23,Mon,Morning,47,Male,Delhi,Delhi,India,Telugu,iOS,Vivo V27,iOS 16,2.0.0,Airtel,referral,welcome_offer,B,notification_open,1,1,0,139.0,5,0,1,0,1,52.02,Mid,High,6.5,0,1,0,0,177.3,0
100588,2025-06-15,Fri,Morning,25,Female,Kolkata,West Bengal,India,Tamil,Android,Redmi Note,Android 14,1.0.1,ACT,crm,lookalike,D,promo_click,0,0,0,164.0,2,0,1,0,0,77.61,Low,Medium,1.5,0,0,0,0,547.14,3
100589,2025-01-16,Sun,Night,56,Female,Indore,Karnataka,India,Hindi,Android,Vivo V27,iOS 17,1.0.1,Other,organic,organic,A,promo_click,1,0,1,289.0,10,0,0,0,0,11.51,High,Medium,1.3,1,0,0,1,4027.59,10
100590,2025-10-15,Fri,Night,43,Male,Delhi,Telangana,India,Hindi,iOS,Redmi Note,iOS 17,2.0.0,BSNL,affiliate,brand_search,D,view_service,1,1,1,204.0,7,0,0,0,1,37.77,Low,Low,5.0,0,1,1,1,4687.13,7
100591,2025-04-13,Tue,Evening,44,Male,Kolkata,MP,India,Tamil,Android,iPhone 14,Android 14,1.0.1,BSNL,google,install_campaign,C,promo_click,1,0,0,201.0,6,1,1,0,0,29.51,Mid,Low,2.7,0,0,1,1,7017.97,3
100592,2026-02-26,Sun,Night,46,Male,Delhi,Rajasthan,India,Hindi,Android,iPhone 14,iOS 16,2.0.0,ACT,affiliate,remarketing,E,signup,1,1,1,125.0,10,0,0,1,1,19.87,Mid,Low,6.0,0,1,1,1,6238.87,6
100593,2025-12-27,Mon,Morning,25,Female,Indore,Rajasthan,India,English,Android,iPhone 13,iOS 16,2.0.0,Jio,organic,organic,A,view_home,0,0,1,225.0,6,0,0,1,1,115.96,Low,Low,4.0,0,1,0,1,3061.26,7
100594,2026-01-28,Tue,Night,39,Female,Indore,Rajasthan,India,Telugu,Android,iPhone 13,iOS 16,2.0.0,Jio,referral,brand_search,A,signup,1,1,1,73.0,7,0,0,1,0,199.96,Mid,Low,3.0,0,0,0,0,375.51,1
100595,2026-03-13,Fri,Afternoon,51,Female,Jaipur,Delhi,India,Telugu,Web,Vivo V27,Android 12,2.0.0,Airtel,organic,remarketing,E,view_home,0,1,0,127.0,7,0,0,1,0,50.65,Mid,Low,3.0,0,0,0,0,148.43,1
100596,2025-04-02,Mon,Evening,43,Male,Jaipur,West Bengal,India,Bengali,Android,Samsung A14,iOS 16,1.0.1,Jio,google,welcome_offer,B,notification_open,1,0,0,514.0,6,1,0,0,1,35.25,Low,Low,5.5,0,1,1,1,3571.79,4
100597,2026-03-27,Sun,Evening,48,Male,Delhi,MP,India,Tamil,Android,Redmi Note,iOS 17,1.0.1,Vi,crm,brand_search,A,signup,1,0,1,722.0,8,0,0,0,0,48.26,Mid,Medium,1.3,0,0,0,1,5211.53,3
100598,2025-10-21,Mon,Evening,58,Female,Jaipur,Rajasthan,India,Bengali,Android,Oppo F21,Android 14,2.0.0,Airtel,referral,remarketing,B,app_launch,0,1,0,85.0,8,0,0,0,0,99.37,Mid,Low,2.0,0,0,0,1,2501.29,7
100599,2025-11-19,Wed,Evening,42,Female,Kolkata,Rajasthan,India,Telugu,Android,iPhone 13,Android 14,2.1.1,ACT,organic,welcome_offer,C,view_home,1,1,0,276.0,13,1,1,0,0,118.86,Low,Medium,7.0,0,1,0,1,3830.79,6
100600,2025-08-03,Sat,Afternoon,32,Female,Jaipur,MP,India,Bengali,Android,Samsung A14,iOS 16,1.1.0,Vi,affiliate,brand_search,D,view_home,1,0,0,101.0,4,0,0,1,0,129.1,Low,Low,1.0,0,0,1,1,2547.41,5
100601,2024-12-19,Thu,Evening,36,Male,Hyderabad,Tamil Nadu,India,Bengali,iOS,Redmi Note,Android 13,1.0.1,BSNL,affiliate,install_campaign,C,notification_open,0,1,0,416.0,4,0,0,0,0,7.2,Mid,Low,3.3,0,0,1,1,3261.97,4
100602,2026-01-14,Tue,Afternoon,29,Male,Pune,MP,India,Tamil,iOS,Oppo F21,Android 12,2.1.1,Vi,referral,welcome_offer,E,view_service,1,0,1,146.0,5,0,0,0,0,218.84,Low,Low,0.0,0,0,0,0,223.78,1
100603,2026-02-09,Mon,Night,48,Female,Kolkata,West Bengal,India,Bengali,Android,OnePlus Nord,Android 12,1.1.0,Other,meta,brand_search,E,signup,1,0,0,268.0,8,1,1,1,0,73.27,Low,Medium,5.0,0,1,1,1,3401.3,3
100604,2025-07-03,Tue,Night,56,Male,Mumbai,Tamil Nadu,India,English,iOS,iPhone 13,iOS 16,1.2.3,BSNL,meta,install_campaign,D,app_launch,0,0,1,105.0,9,0,0,0,0,254.31,Low,Medium,0.0,0,0,1,0,227.08,2
100605,2025-09-15,Sun,Evening,33,Female,Delhi,Tamil Nadu,India,Hindi,Android,Samsung A14,iOS 16,1.1.0,Vi,meta,brand_search,A,signup,0,0,0,562.0,8,0,1,0,0,30.5,Premium,Low,2.8,1,0,1,1,5046.55,6
100606,2024-12-25,Wed,Morning,39,Male,Chennai,Telangana,India,Telugu,iOS,Redmi Note,Android 12,1.1.0,Other,referral,remarketing,E,view_home,1,1,0,90.0,9,0,1,0,1,58.32,Low,High,6.5,0,1,0,0,116.61,0
100607,2025-07-04,Tue,Afternoon,49,Male,Pune,Maharashtra,India,Telugu,Web,iPhone 14,iOS 16,2.0.0,BSNL,referral,install_campaign,B,view_home,1,0,0,108.0,6,0,0,0,0,32.21,Premium,Low,0.0,1,0,0,0,5.02,1
100608,2025-01-11,Sat,Morning,52,Male,Mumbai,Tamil Nadu,India,Tamil,iOS,OnePlus Nord,iOS 16,2.0.0,Vi,meta,welcome_offer,B,view_home,0,1,0,87.0,12,0,0,0,0,228.99,Premium,Low,3.0,1,0,1,1,3699.2,4
100609,2025-01-12,Mon,Evening,30,Male,Mumbai,West Bengal,India,Tamil,Android,iPhone 13,iOS 17,1.0.1,Other,referral,organic,C,promo_click,1,1,1,400.0,11,0,1,0,1,56.0,Low,Low,8.8,0,1,0,1,4664.26,7
100610,2025-03-07,Sun,Night,26,Male,Pune,Maharashtra,India,English,iOS,iPhone 14,iOS 16,2.0.0,BSNL,referral,organic,E,view_home,1,0,1,208.0,12,0,0,0,0,407.97,Low,Medium,1.0,0,0,0,0,476.0,1
100611,2026-01-21,Sat,Evening,33,Male,Jaipur,Maharashtra,India,English,iOS,iPhone 13,Android 12,2.0.0,Jio,crm,lookalike,D,view_service,1,1,1,507.0,6,1,0,0,1,250.11,Low,Low,7.5,0,1,0,1,3550.42,11
100612,2026-05-08,Mon,Afternoon,27,Male,Mumbai,West Bengal,India,Telugu,iOS,Redmi Note,iOS 17,2.1.1,Airtel,affiliate,lookalike,D,signup,1,0,0,140.0,6,0,1,0,0,126.51,High,Low,1.5,1,0,1,0,222.79,0
100613,2025-09-10,Wed,Afternoon,47,Male,Hyderabad,West Bengal,India,Bengali,Android,Vivo V27,Android 12,1.0.1,Jio,crm,install_campaign,C,signup,0,0,1,119.0,11,0,1,0,0,171.36,Mid,Low,2.5,0,0,0,1,1321.02,3
100614,2025-03-04,Wed,Morning,54,Male,Hyderabad,West Bengal,India,Telugu,Web,Redmi Note,Android 12,1.2.3,ACT,google,lookalike,D,signup,1,0,1,87.0,11,0,0,1,0,60.59,Mid,High,2.0,0,0,1,0,109.4,1
100615,2025-11-01,Fri,Morning,33,Female,Pune,MP,India,Tamil,iOS,Samsung A14,Android 12,2.0.0,ACT,meta,brand_search,A,app_launch,0,1,0,225.0,7,0,1,0,0,252.71,Mid,Low,3.5,0,0,1,1,3023.51,7
100616,2025-04-08,Tue,Afternoon,18,Female,Indore,MP,India,Tamil,iOS,iPhone 14,iOS 16,1.1.0,Airtel,affiliate,welcome_offer,B,app_launch,1,1,1,38.0,4,0,0,0,0,207.36,Mid,Low,2.0,0,0,1,0,648.53,0
100617,2025-07-24,Sun,Night,41,Female,Hyderabad,West Bengal,India,Bengali,Android,iPhone 14,Android 14,2.1.1,Jio,organic,welcome_offer,B,notification_open,0,1,1,79.0,6,0,1,0,0,234.86,Premium,Medium,3.5,1,0,0,0,451.18,0
100618,2025-11-20,Wed,Night,43,Male,Kolkata,Telangana,India,Hindi,Android,OnePlus Nord,iOS 17,1.1.0,Other,referral,organic,C,promo_click,1,0,1,160.0,6,0,0,0,0,208.63,Mid,Low,0.0,0,0,0,0,21.01,2
100619,2024-12-13,Wed,Night,42,Male,Mumbai,West Bengal,India,Telugu,Android,Vivo V27,Android 12,1.1.0,Other,google,brand_search,A,signup,0,0,1,35.0,10,0,0,0,0,53.59,Premium,Low,0.0,1,0,1,1,2415.99,5
100620,2025-09-05,Fri,Morning,59,Female,Mumbai,Maharashtra,India,Bengali,Android,Samsung A14,iOS 17,1.0.1,BSNL,referral,remarketing,C,signup,1,0,1,120.0,13,0,0,0,0,50.63,Low,Low,1.0,0,0,0,1,2946.97,6
100621,2025-07-16,Tue,Night,43,Male,Mumbai,MP,India,Tamil,Android,iPhone 13,iOS 17,2.0.0,Vi,referral,remarketing,D,notification_open,0,0,1,89.0,5,0,1,1,0,202.81,Mid,Low,2.5,0,0,0,1,1150.57,7
100622,2025-04-29,Sat,Night,44,Male,Kolkata,West Bengal,India,Hindi,Android,Vivo V27,iOS 16,2.0.0,ACT,google,brand_search,C,view_service,1,0,0,153.0,7,1,1,0,1,101.67,Mid,Low,5.7,0,1,1,1,2679.88,4
100623,2025-04-09,Tue,Evening,28,Male,Hyderabad,West Bengal,India,Bengali,Android,Samsung A14,iOS 16,1.2.3,BSNL,crm,brand_search,E,notification_open,1,1,0,35.0,7,0,1,0,0,112.08,Low,Medium,3.5,0,0,0,0,90.93,1
100624,2025-03-09,Fri,Morning,38,Male,Jaipur,Tamil Nadu,India,Telugu,iOS,Samsung A14,Android 12,1.2.3,Jio,google,remarketing,C,view_service,1,0,0,184.0,10,0,0,0,0,24.54,Mid,Low,0.0,0,0,1,1,4101.15,3
100625,2025-06-23,Mon,Afternoon,33,Female,Mumbai,West Bengal,India,Bengali,Android,Samsung A14,Android 13,1.1.0,BSNL,referral,install_campaign,A,view_home,1,1,1,94.0,16,0,1,0,0,151.03,Low,High,4.5,0,1,0,1,3479.94,4
100626,2025-04-18,Mon,Night,38,Female,Pune,MP,India,English,iOS,iPhone 14,Android 14,1.2.3,ACT,affiliate,remarketing,B,promo_click,0,1,0,181.0,8,0,1,1,0,114.75,High,Medium,4.5,1,1,1,1,2536.16,7
100627,2026-03-09,Fri,Afternoon,43,Female,Bengaluru,Tamil Nadu,USA,Bengali,iOS,Vivo V27,iOS 16,1.1.0,Jio,affiliate,organic,A,app_launch,0,0,0,34.0,6,0,0,0,0,217.1,Mid,Low,0.0,0,0,1,1,2089.29,6
100628,2026-03-12,Thu,Morning,52,Male,Indore,Delhi,India,Telugu,Android,Samsung A14,iOS 16,2.1.1,BSNL,organic,organic,D,notification_open,1,1,1,247.0,7,0,1,0,0,68.09,Premium,Medium,4.8,1,1,0,1,4157.01,2
100629,2026-05-22,Wed,Afternoon,46,Male,Chennai,MP,Canada,Telugu,Web,Vivo V27,Android 14,1.0.1,BSNL,google,remarketing,E,promo_click,1,1,1,118.0,9,1,0,0,0,193.13,Mid,High,3.2,0,0,1,0,402.32,1
100630,2026-03-30,Wed,Afternoon,19,Male,Pune,Delhi,India,Bengali,Android,Vivo V27,Android 14,1.0.1,ACT,affiliate,welcome_offer,B,view_service,0,0,1,215.0,9,0,0,1,0,217.89,Premium,Low,1.0,1,0,1,1,6081.67,6
100631,2025-03-22,Tue,Evening,23,Female,Pune,Karnataka,India,Telugu,Android,Redmi Note,Android 13,2.1.1,Vi,crm,install_campaign,E,signup,1,1,1,491.0,13,1,0,0,0,18.58,Low,Low,5.5,0,1,0,1,7980.7,7
100632,2025-10-20,Tue,Afternoon,38,Female,Chennai,MP,India,English,Android,Samsung A14,Android 14,2.1.1,Airtel,organic,brand_search,E,notification_open,1,0,1,179.0,6,0,0,0,1,77.24,Mid,Medium,3.0,0,0,0,1,4272.38,4
100633,2025-05-21,Tue,Afternoon,35,Male,Jaipur,Telangana,India,Hindi,iOS,iPhone 14,Android 13,1.0.1,BSNL,google,welcome_offer,D,view_service,1,1,1,202.0,11,0,1,0,1,141.04,Low,Medium,7.5,0,1,1,1,2322.45,3
100634,2025-05-16,Fri,Morning,53,Female,Pune,Tamil Nadu,India,Tamil,Android,iPhone 14,Android 13,2.0.0,Airtel,organic,organic,D,promo_click,1,0,0,49.0,9,0,0,0,0,91.4,Mid,Low,0.0,0,0,0,0,33.72,0
100635,2025-06-23,Thu,Night,36,Male,Chennai,Delhi,India,English,iOS,OnePlus Nord,iOS 16,1.0.1,Airtel,affiliate,welcome_offer,C,notification_open,1,0,1,255.0,9,0,0,0,0,101.37,Premium,Medium,1.3,1,0,1,0,13.07,2
100636,2025-11-04,Mon,Evening,18,Male,Pune,Rajasthan,India,Hindi,Android,iPhone 14,Android 12,2.0.0,ACT,organic,welcome_offer,C,notification_open,1,1,1,376.0,8,0,1,0,0,333.83,Low,Medium,4.8,0,1,0,1,4439.78,2
100637,2026-01-13,Tue,Night,24,Male,Kolkata,Delhi,USA,Bengali,Web,Redmi Note,iOS 16,1.1.0,Jio,organic,lookalike,B,promo_click,1,0,1,384.0,13,0,1,0,0,147.67,Mid,Medium,3.8,0,0,0,1,4828.91,8
100638,2025-03-06,Sun,Morning,34,Female,Indore,Telangana,India,Hindi,Android,Oppo F21,Android 14,2.1.1,ACT,google,install_campaign,E,signup,1,0,1,397.0,8,0,0,0,0,414.21,Low,Low,1.3,0,0,1,1,2213.26,4
100639,2025-06-24,Sat,Night,21,Other,Pune,Maharashtra,India,Hindi,iOS,Vivo V27,Android 12,1.1.0,Other,meta,organic,B,app_launch,1,1,0,112.0,16,0,0,0,0,269.35,Low,Medium,3.0,0,0,1,0,98.96,2
100640,2026-05-23,Tue,Evening,41,Female,Mumbai,Delhi,India,Hindi,Web,Samsung A14,Android 13,1.1.0,BSNL,meta,welcome_offer,C,notification_open,0,0,1,89.0,9,1,0,1,0,56.37,Low,Low,2.2,0,0,1,1,1322.35,6
100641,2025-11-02,Sat,Night,38,Female,Hyderabad,Maharashtra,India,English,Android,Redmi Note,Android 12,1.1.0,BSNL,affiliate,remarketing,C,app_launch,0,1,0,153.0,8,0,0,0,0,190.4,High,Medium,2.0,1,0,1,1,4111.71,9
100642,2026-04-27,Sat,Evening,21,Male,Pune,Karnataka,India,Bengali,iOS,Oppo F21,iOS 17,1.0.1,Other,organic,welcome_offer,C,signup,0,0,0,171.0,9,0,1,0,0,21.29,Low,Low,1.5,0,0,0,1,2658.17,6
100643,2026-04-10,Thu,Night,47,Male,Indore,Rajasthan,India,Tamil,Android,iPhone 13,iOS 17,1.0.1,Vi,referral,lookalike,C,notification_open,1,1,0,181.0,7,0,1,0,0,236.24,Mid,Medium,3.5,0,0,0,1,1748.93,5
100644,2025-09-09,Thu,Evening,30,Male,Pune,Maharashtra,India,Telugu,Android,Redmi Note,Android 14,1.1.0,BSNL,crm,welcome_offer,B,promo_click,1,0,1,233.0,12,0,1,0,0,559.53,Low,Low,2.5,0,0,0,1,1254.67,3
100645,2025-03-07,Fri,Morning,48,Male,Indore,Maharashtra,Canada,English,Android,iPhone 13,Android 14,2.1.1,Vi,organic,remarketing,B,notification_open,1,0,1,25.0,9,0,0,0,0,296.42,Low,Low,0.0,0,0,0,0,51.18,2
100646,2026-05-02,Wed,Evening,49,Male,Pune,Rajasthan,India,Tamil,iOS,OnePlus Nord,Android 13,1.2.3,BSNL,crm,remarketing,E,signup,0,1,1,212.0,3,0,0,1,1,160.85,Mid,High,6.0,0,1,0,1,1318.92,2
100647,2025-02-14,Thu,Afternoon,25,Male,Mumbai,Karnataka,India,Tamil,Android,Redmi Note,Android 14,1.0.1,BSNL,organic,brand_search,C,notification_open,1,0,1,350.0,3,0,0,0,0,194.93,Mid,Medium,1.3,0,0,0,0,32.48,1
100648,2026-04-11,Mon,Night,36,Male,Jaipur,MP,UAE,Tamil,Android,Vivo V27,iOS 16,1.1.0,ACT,organic,organic,D,notification_open,1,0,1,74.0,11,0,0,0,0,268.04,Mid,High,1.0,0,0,0,0,132.0,2
100649,2026-03-28,Sun,Evening,42,Male,Indore,Maharashtra,India,Tamil,Android,Oppo F21,iOS 17,1.0.1,Other,google,install_campaign,D,app_launch,0,1,1,224.0,13,0,0,0,0,284.99,Mid,Medium,3.0,0,0,1,1,7642.23,5
100650,2026-01-27,Thu,Evening,30,Female,Chennai,Maharashtra,India,Hindi,iOS,Redmi Note,Android 12,1.2.3,Airtel,google,brand_search,A,view_home,0,1,1,266.0,5,0,0,0,0,245.01,Low,Low,3.3,0,0,1,1,6114.78,6
100651,2025-03-23,Mon,Morning,23,Male,Kolkata,Maharashtra,India,Hindi,Android,Redmi Note,iOS 17,1.0.1,Vi,google,welcome_offer,A,view_home,0,1,1,162.0,8,1,0,0,0,103.99,High,Low,3.2,1,0,1,1,2248.67,4
100652,2025-11-03,Tue,Afternoon,41,Male,Mumbai,Telangana,India,Hindi,Android,Samsung A14,Android 13,1.0.1,Airtel,referral,remarketing,D,promo_click,1,0,1,124.0,5,0,1,0,1,184.72,High,Medium,4.5,1,1,0,0,386.08,0
100653,2025-12-16,Fri,Morning,36,Male,Kolkata,Maharashtra,India,English,Android,iPhone 13,iOS 17,1.2.3,Jio,crm,welcome_offer,C,view_home,1,1,1,133.0,3,0,0,1,0,152.03,Mid,High,3.0,0,0,0,0,105.78,2
100654,2026-04-06,Fri,Morning,34,Male,Delhi,Delhi,India,English,Android,iPhone 13,Android 14,2.1.1,Other,crm,brand_search,B,promo_click,1,1,0,99.0,8,0,0,0,0,14.75,Mid,Low,2.0,0,0,0,0,108.7,2
100655,2025-11-14,Thu,Morning,59,Female,Jaipur,Karnataka,India,Hindi,iOS,Samsung A14,Android 14,2.1.1,Vi,crm,install_campaign,A,signup,0,0,1,173.0,11,0,0,0,0,409.01,Mid,Medium,1.0,0,0,0,1,4507.63,5
100656,2025-03-11,Mon,Afternoon,55,Male,Bengaluru,Maharashtra,India,Tamil,Android,Redmi Note,Android 13,2.1.1,Airtel,meta,install_campaign,B,signup,1,0,1,468.0,7,0,1,0,0,60.47,Premium,Medium,2.8,1,0,1,1,5911.18,5
100657,2026-03-06,Tue,Afternoon,19,Male,Chennai,Karnataka,India,English,Android,Samsung A14,Android 14,2.0.0,Other,affiliate,install_campaign,D,view_service,0,1,0,331.0,7,1,1,0,0,140.14,Low,Medium,6.0,0,1,1,1,2820.7,3
100658,2025-09-17,Wed,Night,42,Female,Hyderabad,Maharashtra,India,Tamil,Android,Vivo V27,Android 14,1.1.0,Other,meta,organic,C,view_home,0,0,1,28.0,10,0,0,0,0,192.49,Low,Low,0.0,0,0,1,1,1976.87,5
100659,2025-11-23,Sat,Evening,31,Female,Jaipur,Delhi,Canada,Telugu,Android,Redmi Note,iOS 17,1.2.3,Jio,referral,brand_search,B,signup,0,0,0,351.0,7,0,0,0,0,129.32,Mid,Medium,1.3,0,0,0,0,181.01,1
100660,2026-01-13,Sun,Morning,21,Male,Chennai,West Bengal,UK,English,iOS,iPhone 13,Android 13,1.2.3,ACT,affiliate,welcome_offer,A,view_service,1,1,1,384.0,7,0,1,0,0,371.51,Mid,Medium,4.8,0,1,1,1,6219.24,5
100661,2026-02-24,Mon,Evening,43,Male,Bengaluru,Karnataka,India,Tamil,Android,iPhone 14,Android 14,1.1.0,ACT,meta,organic,B,app_launch,1,1,0,206.0,15,0,1,1,0,72.48,Mid,Medium,5.5,0,1,1,1,5619.18,7
100662,2025-02-25,Sun,Afternoon,40,Female,Indore,Tamil Nadu,India,Telugu,Android,iPhone 13,Android 13,1.2.3,Vi,affiliate,organic,D,app_launch,1,0,1,218.0,9,0,1,0,0,260.52,Mid,Low,1.5,0,0,1,1,3974.77,4
100663,2025-07-03,Sat,Evening,28,Female,Hyderabad,Rajasthan,India,Bengali,Android,Samsung A14,Android 14,1.1.0,Jio,affiliate,brand_search,A,app_launch,0,0,1,562.0,2,0,0,0,0,150.36,Mid,Medium,1.3,0,0,1,1,1958.92,4
100664,2025-09-13,Sun,Afternoon,35,Female,Jaipur,Tamil Nadu,India,Telugu,Android,OnePlus Nord,iOS 16,1.2.3,Jio,referral,organic,A,view_home,0,1,1,351.0,5,1,1,0,0,169.91,Mid,Medium,6.0,0,1,0,1,3160.36,6
100665,2025-04-06,Wed,Night,54,Male,Jaipur,Maharashtra,Canada,Telugu,Android,Redmi Note,Android 12,2.0.0,Jio,google,organic,A,view_service,1,0,0,400.0,5,0,1,0,0,60.71,High,Low,2.8,1,0,1,1,2302.7,9
100666,2025-11-17,Thu,Night,45,Female,Kolkata,Tamil Nadu,UK,Hindi,Android,Redmi Note,iOS 17,1.2.3,BSNL,crm,lookalike,C,view_home,1,1,1,117.0,9,1,1,0,1,44.64,Mid,High,7.7,0,1,0,1,1749.71,9
100667,2025-09-16,Fri,Morning,38,Male,Delhi,Delhi,India,English,Android,iPhone 13,Android 12,1.1.0,ACT,organic,welcome_offer,B,view_home,1,0,0,418.0,12,0,0,0,0,114.17,High,Low,2.3,1,0,0,1,2873.58,5
100668,2026-02-26,Wed,Night,56,Female,Indore,Delhi,India,Tamil,Web,iPhone 14,Android 14,2.1.1,Other,affiliate,organic,C,view_service,0,1,1,157.0,10,0,1,0,0,109.16,Low,Low,3.5,0,0,1,1,5587.95,6
100669,2026-05-17,Sat,Afternoon,20,Male,Bengaluru,Delhi,India,Bengali,iOS,OnePlus Nord,Android 14,1.2.3,Vi,google,welcome_offer,E,view_service,1,0,1,442.0,10,0,1,0,0,147.56,Low,High,2.8,0,0,1,1,2085.04,2
100670,2026-02-17,Wed,Evening,22,Female,Jaipur,Maharashtra,UK,Bengali,Android,OnePlus Nord,iOS 17,2.1.1,Airtel,organic,install_campaign,A,signup,1,0,1,83.0,12,0,0,0,1,414.45,Mid,Medium,4.0,0,1,0,0,418.98,1
100671,2026-01-10,Sat,Night,53,Male,Kolkata,Telangana,India,English,Android,iPhone 13,Android 12,1.1.0,ACT,google,install_campaign,C,view_home,1,0,1,144.0,8,0,0,0,0,79.44,Mid,Medium,0.0,0,0,1,1,2493.06,3
100672,2025-12-16,Fri,Evening,43,Male,Mumbai,Telangana,India,Bengali,Android,iPhone 13,Android 14,2.1.1,Airtel,affiliate,brand_search,A,view_home,0,0,0,100.0,6,1,0,0,0,215.82,Mid,Medium,1.2,0,0,1,0,331.75,1
100673,2025-12-20,Wed,Afternoon,29,Male,Mumbai,MP,India,Bengali,Android,Redmi Note,Android 12,2.0.0,Airtel,meta,organic,A,app_launch,0,0,1,26.0,8,0,1,0,0,85.06,Mid,Low,1.5,0,0,1,0,100.76,0
100674,2025-09-21,Sat,Afternoon,52,Male,Delhi,West Bengal,UAE,Bengali,Android,Oppo F21,Android 13,1.1.0,Jio,meta,install_campaign,E,notification_open,0,0,1,352.0,6,0,1,0,0,151.65,Mid,High,2.8,0,0,1,1,2582.68,5
100675,2025-05-06,Mon,Evening,31,Female,Indore,Telangana,India,Telugu,iOS,Vivo V27,Android 12,1.2.3,BSNL,crm,organic,C,notification_open,0,1,1,104.0,11,0,0,0,1,158.77,Low,Medium,6.0,0,1,0,1,1146.76,8
100676,2025-02-06,Thu,Morning,21,Female,Indore,MP,India,Bengali,Web,Vivo V27,Android 13,1.2.3,BSNL,organic,install_campaign,E,notification_open,1,1,0,91.0,8,0,0,0,0,390.58,Low,Medium,2.0,0,0,0,0,13.26,1
100677,2025-07-20,Tue,Evening,47,Male,Hyderabad,Karnataka,USA,Telugu,Android,OnePlus Nord,Android 14,2.0.0,Airtel,referral,lookalike,E,signup,1,0,1,377.0,2,0,1,0,0,77.65,Low,High,2.8,0,0,0,1,2082.96,5
100678,2024-12-20,Tue,Night,35,Male,Kolkata,Delhi,India,English,Android,iPhone 13,iOS 17,2.1.1,Airtel,meta,install_campaign,C,signup,1,1,1,450.0,6,0,0,1,0,169.58,Mid,High,4.3,0,1,1,1,2641.53,8
100679,2025-07-24,Thu,Evening,28,Other,Delhi,Telangana,UK,Telugu,Android,Samsung A14,Android 14,1.0.1,Vi,meta,brand_search,D,app_launch,0,0,1,187.0,4,0,1,0,1,318.72,Mid,Low,4.5,0,1,1,1,1569.78,5
100680,2025-11-22,Sun,Afternoon,59,Female,Delhi,West Bengal,UK,Tamil,Android,Vivo V27,Android 13,1.1.0,Vi,google,remarketing,D,notification_open,1,1,0,154.0,16,1,1,0,0,190.21,Mid,Medium,5.7,0,1,1,1,4115.46,5
100681,2025-09-02,Thu,Night,39,Female,Mumbai,Rajasthan,India,Tamil,iOS,Redmi Note,iOS 17,1.2.3,Other,affiliate,lookalike,E,view_home,0,1,1,171.0,7,1,0,0,1,126.13,Low,Low,6.2,0,1,1,1,3153.24,5
100682,2025-04-09,Sat,Evening,22,Male,Kolkata,Telangana,India,Hindi,Android,Oppo F21,Android 14,1.2.3,Airtel,affiliate,welcome_offer,E,view_home,1,0,0,260.0,8,0,1,0,0,96.53,Mid,High,2.8,0,0,1,1,2625.97,5
100683,2025-05-01,Fri,Evening,29,Female,Bengaluru,West Bengal,India,Hindi,iOS,OnePlus Nord,iOS 17,1.2.3,BSNL,affiliate,organic,C,view_service,1,1,0,69.0,4,0,1,0,0,119.44,Low,Medium,3.5,0,0,1,0,169.5,3
100684,2025-06-28,Mon,Night,26,Male,Kolkata,West Bengal,UK,English,Android,OnePlus Nord,iOS 16,1.1.0,Vi,referral,lookalike,C,view_home,1,0,0,132.0,9,0,1,1,0,43.43,Mid,Low,2.5,0,0,0,1,3659.17,4
100685,2025-07-24,Wed,Afternoon,33,Female,Mumbai,Tamil Nadu,India,Tamil,Android,Redmi Note,iOS 16,1.1.0,BSNL,google,remarketing,C,view_home,1,1,0,30.0,8,0,1,1,0,162.65,Mid,Medium,4.5,0,1,1,1,3163.17,7
100686,2026-03-06,Wed,Afternoon,57,Female,Hyderabad,Rajasthan,India,Telugu,Android,Vivo V27,iOS 16,1.0.1,Airtel,meta,organic,D,app_launch,1,0,1,146.0,7,0,0,0,0,200.51,Low,Low,0.0,0,0,1,1,3812.99,2
100687,2025-10-21,Sun,Evening,34,Female,Pune,Karnataka,India,Telugu,iOS,OnePlus Nord,iOS 17,1.0.1,Jio,organic,brand_search,A,notification_open,0,1,0,512.0,5,0,0,0,0,211.88,High,High,3.3,1,0,0,1,1236.77,3
100688,2026-01-09,Thu,Afternoon,29,Female,Delhi,Delhi,India,Telugu,Android,Samsung A14,Android 14,1.2.3,Other,referral,organic,D,promo_click,1,0,1,218.0,10,1,1,1,1,421.81,Low,Low,6.7,0,1,0,1,2335.54,4
100689,2025-12-14,Wed,Afternoon,57,Male,Mumbai,Rajasthan,UAE,Hindi,Android,Samsung A14,Android 13,1.0.1,Vi,meta,brand_search,E,app_launch,1,1,1,629.0,8,1,0,0,0,361.17,Low,High,4.5,0,1,1,1,2426.6,4
100690,2024-12-08,Sat,Afternoon,58,Male,Bengaluru,Rajasthan,India,Tamil,Android,Samsung A14,Android 12,1.1.0,BSNL,meta,lookalike,B,promo_click,1,1,0,61.0,7,0,1,0,1,125.79,Low,Medium,6.5,0,1,1,0,34.79,1
100691,2024-12-22,Sun,Evening,22,Male,Chennai,Rajasthan,India,English,Android,Vivo V27,Android 12,2.0.0,Other,crm,remarketing,C,notification_open,1,1,1,333.0,9,0,1,0,0,163.82,Mid,Low,4.8,0,1,0,1,2948.16,7
100692,2026-04-09,Thu,Morning,29,Female,Pune,Tamil Nadu,India,Telugu,Android,OnePlus Nord,Android 14,2.1.1,Jio,organic,brand_search,C,app_launch,1,1,0,41.0,8,0,0,0,1,136.86,High,Low,5.0,1,1,0,0,94.39,1
100693,2025-11-30,Thu,Evening,21,Male,Jaipur,Maharashtra,India,Telugu,Android,Vivo V27,Android 14,1.1.0,Vi,meta,brand_search,C,app_launch,1,1,0,305.0,5,0,1,0,0,95.32,Mid,Medium,4.8,0,1,1,1,4112.61,3
100694,2025-05-27,Fri,Morning,27,Male,Indore,Tamil Nadu,Canada,Bengali,Android,Samsung A14,iOS 16,2.1.1,Airtel,organic,organic,D,notification_open,1,0,1,123.0,4,0,1,1,0,74.8,Mid,Low,2.5,0,0,0,0,371.53,0
100695,2025-12-01,Thu,Evening,58,Male,Bengaluru,MP,India,English,Android,OnePlus Nord,iOS 16,2.1.1,Other,referral,remarketing,E,view_service,1,0,1,204.0,6,0,1,1,0,146.13,Low,Medium,2.5,0,0,0,1,3459.17,5
100696,2025-01-02,Thu,Evening,33,Female,Chennai,MP,India,Telugu,iOS,Oppo F21,Android 14,1.0.1,Jio,organic,lookalike,C,promo_click,1,1,0,43.0,8,0,1,0,0,80.27,Mid,High,3.5,0,0,0,1,2207.03,6
100697,2025-05-13,Fri,Night,30,Male,Bengaluru,Delhi,UAE,Telugu,Android,iPhone 13,iOS 16,1.2.3,Jio,organic,organic,C,signup,0,0,1,209.0,8,0,1,0,0,42.25,Mid,High,1.5,0,0,0,0,40.12,0
100698,2025-07-12,Sun,Evening,34,Female,Delhi,MP,India,Telugu,Android,iPhone 13,Android 14,1.0.1,BSNL,crm,lookalike,C,app_launch,0,0,0,253.0,8,0,0,0,0,308.32,Low,Low,1.3,0,0,0,1,2001.15,6
100699,2025-03-20,Fri,Night,41,Female,Hyderabad,Tamil Nadu,India,Hindi,Android,Vivo V27,Android 14,2.1.1,BSNL,meta,organic,C,notification_open,1,0,1,42.0,7,0,1,0,0,47.49,Mid,Medium,1.5,0,0,1,1,7999.83,3
100700,2025-12-16,Wed,Afternoon,33,Other,Bengaluru,Tamil Nadu,India,Hindi,Android,Samsung A14,iOS 17,1.1.0,ACT,organic,remarketing,D,notification_open,0,0,1,122.0,11,0,0,1,1,255.64,Mid,Medium,5.0,0,1,0,1,4650.32,5
100701,2024-12-25,Fri,Afternoon,40,Male,Jaipur,Rajasthan,India,English,Android,iPhone 14,Android 14,1.0.1,Other,affiliate,remarketing,A,view_service,1,0,0,261.0,12,0,0,0,0,196.97,High,Medium,2.3,1,0,1,0,727.87,2
100702,2025-03-26,Sat,Evening,44,Female,Pune,Maharashtra,India,English,Android,Redmi Note,Android 14,2.0.0,Vi,referral,install_campaign,A,view_service,1,0,1,227.0,4,0,0,0,0,104.76,Mid,Low,0.0,0,0,0,0,259.01,0
100703,2025-04-03,Sat,Evening,51,Male,Indore,Telangana,UAE,Bengali,Android,Oppo F21,Android 12,2.1.1,BSNL,referral,welcome_offer,D,view_home,0,0,1,136.0,6,1,0,1,0,84.48,Mid,Low,2.2,0,0,0,1,2962.05,4
100704,2026-05-11,Fri,Evening,35,Male,Indore,Delhi,India,Tamil,Android,OnePlus Nord,iOS 16,1.0.1,Vi,meta,brand_search,A,notification_open,0,0,1,182.0,9,1,0,0,0,151.22,Low,Medium,1.2,0,0,1,1,4598.75,6
100705,2025-06-13,Sun,Evening,30,Female,Pune,Telangana,India,Tamil,Android,Oppo F21,iOS 17,1.0.1,Jio,meta,welcome_offer,A,view_home,0,1,1,145.0,7,0,1,0,0,232.05,High,Medium,3.5,1,0,1,1,3510.71,5
100706,2025-06-22,Sat,Afternoon,47,Male,Pune,MP,India,Telugu,iOS,OnePlus Nord,Android 13,1.0.1,Vi,crm,remarketing,C,notification_open,0,1,0,167.0,8,1,1,1,0,49.94,Mid,Low,5.7,0,1,0,1,5276.16,6
100707,2026-01-31,Sun,Morning,46,Male,Bengaluru,West Bengal,India,Bengali,Android,Oppo F21,Android 14,1.2.3,ACT,organic,remarketing,E,promo_click,1,0,1,533.0,6,0,0,0,0,110.94,Mid,Medium,1.3,0,0,0,1,1823.32,9
100708,2025-03-30,Wed,Morning,30,Male,Indore,Maharashtra,India,Telugu,Android,iPhone 13,iOS 17,1.2.3,ACT,organic,brand_search,A,notification_open,0,0,0,393.0,10,0,0,0,0,38.33,Mid,Low,1.3,0,0,0,0,20.89,2
100709,2025-05-16,Wed,Morning,38,Female,Hyderabad,Telangana,India,Tamil,Web,Oppo F21,Android 13,1.0.1,Vi,google,brand_search,C,notification_open,0,0,1,124.0,7,1,0,1,0,225.1,Mid,Low,2.2,0,0,1,0,248.04,1
100710,2025-01-16,Mon,Afternoon,34,Female,Mumbai,Delhi,India,Tamil,iOS,Oppo F21,Android 13,1.0.1,Jio,affiliate,welcome_offer,E,app_launch,0,0,0,280.0,6,0,1,0,0,167.6,High,High,2.8,1,0,1,1,3591.94,6
100711,2026-05-06,Sun,Evening,40,Male,Chennai,West Bengal,India,Hindi,Android,Samsung A14,Android 13,1.1.0,Airtel,organic,brand_search,B,signup,0,0,1,293.0,6,0,1,0,0,201.62,Premium,Medium,2.8,1,0,0,1,4449.34,4
100712,2025-03-25,Thu,Morning,41,Female,Kolkata,Rajasthan,India,Hindi,Android,OnePlus Nord,iOS 16,2.1.1,ACT,organic,brand_search,A,notification_open,1,0,1,241.0,12,1,0,0,0,82.72,Mid,Low,3.5,0,0,0,0,679.81,1
100713,2025-01-02,Sun,Evening,57,Female,Hyderabad,Maharashtra,India,English,Android,Redmi Note,iOS 17,1.0.1,Airtel,crm,install_campaign,C,view_service,1,1,1,85.0,14,0,0,0,0,65.8,Low,High,3.0,0,0,0,0,90.09,2
100714,2026-03-07,Wed,Afternoon,53,Female,Bengaluru,West Bengal,India,English,iOS,Redmi Note,Android 12,1.1.0,Vi,referral,lookalike,C,promo_click,1,0,1,222.0,8,0,0,1,1,258.67,Mid,Medium,4.0,0,1,0,1,2056.46,8
100715,2025-02-27,Sat,Night,33,Male,Hyderabad,Delhi,India,English,Android,Vivo V27,iOS 16,2.1.1,Other,affiliate,welcome_offer,E,notification_open,1,1,1,170.0,6,0,1,0,0,100.81,Mid,Low,3.5,0,0,1,1,4568.18,10
100716,2026-01-26,Thu,Morning,49,Female,Indore,Karnataka,UAE,Tamil,Android,Vivo V27,iOS 17,2.0.0,Jio,referral,welcome_offer,A,signup,1,1,1,108.0,6,0,0,0,0,110.27,Low,Medium,2.0,0,0,0,1,2045.36,4
100717,2025-12-13,Sat,Night,58,Male,Mumbai,West Bengal,India,Hindi,Android,Redmi Note,Android 14,2.1.1,Jio,meta,brand_search,D,view_service,1,1,1,158.0,6,0,0,0,0,101.89,Low,High,2.0,0,0,1,1,910.98,9
100718,2025-09-22,Mon,Night,43,Male,Pune,Karnataka,India,Hindi,Android,iPhone 14,Android 12,1.1.0,BSNL,crm,install_campaign,E,view_service,0,1,1,191.0,7,0,1,0,0,52.44,Premium,Medium,3.5,1,0,0,1,3246.88,1
100719,2025-05-15,Mon,Afternoon,46,Female,Delhi,Telangana,India,Hindi,Android,Samsung A14,Android 13,2.0.0,Other,affiliate,brand_search,A,signup,0,1,1,92.0,9,0,1,0,0,505.12,Low,Low,3.5,0,0,1,1,7187.45,9
100720,2025-12-18,Sun,Night,29,Male,Pune,Maharashtra,India,English,Android,Redmi Note,iOS 17,2.0.0,Other,affiliate,install_campaign,D,notification_open,1,1,1,38.0,15,0,0,1,0,71.88,Mid,Low,4.0,0,1,1,1,3251.89,7
100721,2026-01-13,Sun,Morning,21,Male,Delhi,Telangana,UAE,Bengali,Android,iPhone 13,Android 13,2.0.0,Other,crm,install_campaign,A,signup,1,1,1,131.0,7,0,0,1,1,297.82,Premium,Low,6.0,1,1,0,1,1592.3,3
100722,2025-10-05,Wed,Morning,35,Male,Bengaluru,West Bengal,India,Tamil,iOS,Redmi Note,iOS 16,1.2.3,Jio,crm,lookalike,D,notification_open,1,1,1,233.0,5,1,0,0,0,6.55,Premium,Low,3.2,1,0,0,1,3329.32,9
100723,2025-03-06,Wed,Morning,59,Female,Mumbai,Telangana,India,Bengali,Android,Oppo F21,iOS 16,1.2.3,Jio,meta,organic,B,view_service,1,0,0,248.0,7,0,1,0,0,105.16,Low,Low,2.8,0,0,1,0,45.78,1
100724,2026-02-09,Mon,Afternoon,40,Male,Bengaluru,West Bengal,India,Telugu,Android,iPhone 14,Android 13,2.1.1,Jio,meta,brand_search,B,notification_open,1,0,1,357.0,11,0,0,0,0,132.1,Mid,High,2.3,0,0,1,1,854.86,5
100725,2026-01-04,Thu,Evening,53,Female,Kolkata,Rajasthan,India,Bengali,Android,iPhone 14,Android 14,2.1.1,Vi,crm,install_campaign,E,view_service,1,1,1,254.0,7,0,0,0,0,502.37,Low,Medium,3.3,0,0,0,1,1920.49,10
100726,2025-03-22,Fri,Morning,58,Male,Hyderabad,West Bengal,UAE,Hindi,Android,iPhone 14,iOS 17,2.1.1,Jio,referral,install_campaign,C,app_launch,1,0,0,167.0,6,0,0,0,0,140.85,Mid,Medium,0.0,0,0,0,0,54.53,0
100727,2025-03-08,Wed,Afternoon,23,Male,Jaipur,Telangana,India,Bengali,Android,Vivo V27,iOS 17,2.1.1,Other,referral,lookalike,C,notification_open,1,1,1,461.0,9,0,0,0,0,110.42,Low,Medium,3.3,0,0,0,1,2037.48,5
100728,2026-04-28,Thu,Morning,24,Male,Pune,Maharashtra,India,Telugu,Android,Samsung A14,iOS 16,1.2.3,Airtel,meta,lookalike,D,promo_click,1,1,0,552.0,4,0,0,0,0,294.58,High,Medium,3.3,1,0,1,1,3043.88,5
100729,2026-05-17,Tue,Afternoon,41,Male,Kolkata,Delhi,Canada,Tamil,Android,Redmi Note,iOS 16,1.2.3,Jio,organic,organic,B,notification_open,1,0,1,78.0,10,0,0,0,0,79.38,High,High,0.0,1,0,0,1,1524.57,9
100730,2025-10-07,Mon,Evening,25,Female,Mumbai,MP,India,Bengali,iOS,Samsung A14,iOS 17,1.2.3,BSNL,google,remarketing,B,view_home,0,0,0,198.0,8,0,1,0,0,171.99,Mid,Low,1.5,0,0,1,1,5975.7,5
100731,2025-08-03,Mon,Night,18,Female,Mumbai,Telangana,India,Tamil,Android,Samsung A14,Android 14,1.2.3,ACT,meta,organic,A,view_service,1,0,1,223.0,9,0,1,0,0,7.89,Mid,Medium,1.5,0,0,1,0,16.03,1
100732,2025-09-15,Wed,Evening,35,Female,Bengaluru,Rajasthan,India,Telugu,Android,OnePlus Nord,iOS 17,2.1.1,Airtel,meta,lookalike,D,app_launch,0,0,1,217.0,3,0,0,1,0,158.55,Low,Low,1.0,0,0,1,0,540.12,3
100733,2025-04-05,Sat,Evening,18,Female,Bengaluru,Tamil Nadu,India,Telugu,Android,iPhone 14,Android 13,1.1.0,Jio,organic,organic,D,promo_click,1,0,1,135.0,9,0,0,0,0,64.82,Low,Low,0.0,0,0,0,1,3466.39,4
100734,2025-04-10,Tue,Evening,25,Male,Bengaluru,Tamil Nadu,India,Tamil,Android,Vivo V27,Android 14,1.0.1,Vi,crm,brand_search,A,notification_open,1,0,0,408.0,7,0,0,0,0,210.13,Mid,High,1.3,0,0,0,0,183.43,1
100735,2025-01-03,Sat,Morning,41,Male,Indore,West Bengal,India,English,Android,iPhone 13,Android 12,2.1.1,Jio,meta,organic,D,app_launch,1,1,1,458.0,8,1,0,0,0,193.66,Low,Low,4.5,0,1,1,1,6747.88,3
100736,2025-12-04,Sun,Evening,32,Male,Pune,Tamil Nadu,India,Tamil,Android,OnePlus Nord,Android 12,1.2.3,BSNL,referral,install_campaign,D,promo_click,0,1,0,319.0,7,0,0,0,1,208.61,Mid,Medium,6.3,0,1,0,1,3614.37,6
100737,2025-06-20,Tue,Night,51,Male,Delhi,Maharashtra,India,Telugu,Android,OnePlus Nord,iOS 17,1.1.0,Vi,organic,remarketing,A,notification_open,1,1,1,648.0,6,1,0,0,0,167.93,Low,High,4.5,0,1,0,1,3308.54,2
100738,2026-01-07,Fri,Morning,25,Male,Bengaluru,Tamil Nadu,India,Bengali,Android,Redmi Note,Android 14,1.1.0,Jio,meta,remarketing,C,app_launch,0,0,1,261.0,9,1,1,0,1,74.13,Low,Low,7.0,0,1,1,1,2587.22,7
100739,2026-03-11,Thu,Evening,22,Female,Jaipur,Delhi,India,Bengali,Android,iPhone 13,iOS 17,2.1.1,BSNL,referral,install_campaign,C,notification_open,0,0,0,518.0,6,0,1,0,0,135.16,Low,Medium,2.8,0,0,0,1,2576.67,3
100740,2025-01-28,Fri,Night,47,Male,Delhi,Rajasthan,India,English,Android,iPhone 14,iOS 17,1.0.1,ACT,referral,organic,A,notification_open,1,0,0,209.0,12,1,0,0,0,49.59,Mid,Low,2.2,0,0,0,1,4546.7,11
100741,2025-06-04,Fri,Morning,38,Female,Mumbai,Tamil Nadu,India,Telugu,Android,Redmi Note,Android 14,2.1.1,Other,referral,organic,C,view_home,1,1,1,113.0,7,0,1,0,0,80.62,Mid,Medium,3.5,0,0,0,0,16.49,0
100742,2025-09-07,Thu,Morning,36,Male,Delhi,Telangana,India,Bengali,iOS,OnePlus Nord,Android 12,2.1.1,ACT,google,remarketing,B,view_home,1,0,1,138.0,3,0,0,0,0,154.46,Low,Low,0.0,0,0,1,0,597.77,1
100743,2025-07-03,Wed,Afternoon,20,Male,Jaipur,West Bengal,India,Tamil,Android,OnePlus Nord,Android 12,2.0.0,ACT,google,welcome_offer,E,view_home,0,0,0,181.0,6,0,0,1,0,27.22,Mid,Low,1.0,0,0,1,1,3030.26,4
100744,2025-03-09,Sat,Night,58,Female,Bengaluru,Maharashtra,India,Hindi,Web,Oppo F21,iOS 17,2.1.1,Vi,organic,install_campaign,E,signup,0,0,1,246.0,7,1,0,1,0,112.05,High,Medium,3.5,1,0,0,1,5643.66,8
100745,2025-12-21,Fri,Morning,20,Male,Hyderabad,Telangana,India,English,iOS,Oppo F21,Android 13,2.0.0,ACT,crm,brand_search,D,promo_click,1,0,1,232.0,4,0,0,0,0,174.93,Low,Low,0.0,0,0,0,0,78.18,2
100746,2025-01-07,Thu,Morning,46,Female,Jaipur,Tamil Nadu,India,English,Android,Oppo F21,Android 12,2.1.1,Airtel,organic,install_campaign,A,signup,1,1,1,52.0,4,1,1,1,0,160.09,Low,Low,5.7,0,1,0,1,3948.15,3
100747,2025-06-16,Mon,Morning,46,Female,Mumbai,Tamil Nadu,India,English,Android,Samsung A14,iOS 16,1.0.1,Other,meta,install_campaign,B,app_launch,1,1,1,164.0,8,0,0,0,0,113.8,Low,Medium,2.0,0,0,1,1,5056.1,3
100748,2026-02-01,Sun,Night,34,Female,Bengaluru,West Bengal,India,Hindi,iOS,Vivo V27,iOS 17,1.2.3,Other,referral,remarketing,A,app_launch,0,0,1,500.0,7,0,0,1,0,50.28,Mid,Medium,2.3,0,0,0,1,3987.28,4
100749,2025-06-24,Mon,Afternoon,58,Female,Bengaluru,Rajasthan,USA,Tamil,iOS,iPhone 14,Android 12,1.0.1,Jio,affiliate,brand_search,B,signup,0,1,1,209.0,4,0,1,0,0,332.98,Mid,High,3.5,0,0,1,1,3133.44,5
100750,2026-01-23,Thu,Afternoon,20,Female,Pune,Telangana,India,Telugu,iOS,Samsung A14,iOS 17,2.1.1,Vi,meta,welcome_offer,D,view_service,1,0,1,214.0,7,1,0,0,0,31.27,Mid,Medium,1.2,0,0,1,1,1749.37,5
100751,2025-10-19,Tue,Afternoon,41,Female,Chennai,Maharashtra,India,Telugu,Android,Vivo V27,iOS 16,2.1.1,ACT,referral,brand_search,D,view_home,1,1,1,223.0,6,0,1,0,0,304.09,Mid,Medium,3.5,0,0,0,1,4603.39,7
100752,2025-05-24,Fri,Night,26,Female,Mumbai,Rajasthan,India,Telugu,Android,Oppo F21,iOS 16,2.0.0,ACT,crm,organic,E,notification_open,0,1,1,592.0,16,0,1,0,0,59.67,Mid,High,5.8,0,1,0,0,364.68,0
100753,2025-04-29,Tue,Morning,20,Male,Kolkata,Delhi,India,Hindi,Android,OnePlus Nord,Android 14,1.2.3,Airtel,affiliate,lookalike,C,signup,1,1,1,265.0,12,0,1,1,0,64.12,Low,Medium,6.8,0,1,1,1,4977.24,6
100754,2025-12-31,Thu,Afternoon,28,Male,Pune,Telangana,India,Hindi,Android,Oppo F21,iOS 17,2.0.0,Jio,organic,install_campaign,D,promo_click,1,0,1,93.0,2,0,0,0,0,109.96,High,Medium,0.0,1,0,0,1,6870.81,5
100755,2026-01-01,Mon,Evening,49,Female,Chennai,West Bengal,India,Bengali,iOS,iPhone 13,iOS 17,1.1.0,Jio,organic,brand_search,C,promo_click,0,1,0,183.0,7,0,1,0,1,224.71,Mid,Low,6.5,0,1,0,1,5262.83,7
100756,2025-12-03,Mon,Evening,56,Male,Chennai,Rajasthan,Canada,Tamil,Android,Vivo V27,Android 14,1.0.1,Airtel,affiliate,install_campaign,D,signup,1,0,0,11.0,11,0,1,0,0,131.25,Mid,High,2.5,0,0,1,0,301.88,2
100757,2025-12-18,Sun,Evening,51,Male,Kolkata,Maharashtra,India,Bengali,Android,iPhone 14,iOS 16,2.1.1,Vi,organic,welcome_offer,A,view_home,1,1,1,177.0,8,0,0,0,0,46.15,Mid,Medium,2.0,0,0,0,1,8633.03,5
100758,2026-03-02,Sat,Morning,33,Male,Hyderabad,Tamil Nadu,India,Bengali,Android,iPhone 13,Android 12,1.0.1,Jio,meta,organic,E,promo_click,1,0,1,408.0,9,1,0,0,1,47.68,Mid,Medium,5.5,0,1,1,1,4510.56,6
100759,2025-02-20,Thu,Night,43,Male,Mumbai,Telangana,India,Tamil,Android,iPhone 14,Android 12,1.0.1,BSNL,meta,remarketing,B,notification_open,0,0,1,56.0,7,1,1,0,0,78.45,Mid,High,2.7,0,0,1,1,4576.54,2
100760,2025-10-30,Sat,Evening,26,Male,Hyderabad,Telangana,Canada,Hindi,Android,OnePlus Nord,Android 12,1.0.1,Other,google,organic,A,app_launch,1,0,0,474.0,6,0,1,0,0,26.32,Mid,Low,2.8,0,0,1,1,3798.34,5
100761,2025-07-15,Wed,Morning,20,Female,Chennai,Maharashtra,UK,Hindi,Android,iPhone 13,iOS 17,2.1.1,ACT,google,remarketing,A,promo_click,1,1,1,322.0,7,1,1,1,0,34.79,Mid,Medium,7.0,0,1,1,1,2949.78,7
100762,2025-04-18,Sat,Evening,28,Female,Jaipur,West Bengal,India,Bengali,Android,iPhone 14,Android 12,1.2.3,ACT,meta,remarketing,C,view_service,0,0,0,235.0,6,0,0,0,1,215.26,High,Medium,3.0,1,0,1,1,3660.48,3
100763,2025-01-23,Thu,Afternoon,34,Male,Kolkata,Maharashtra,India,Hindi,Android,iPhone 14,Android 13,1.2.3,Other,organic,welcome_offer,D,signup,0,0,1,186.0,5,1,0,0,0,199.54,Mid,High,1.2,0,0,0,1,2861.77,4
100764,2025-01-03,Sun,Afternoon,50,Female,Bengaluru,Telangana,India,Hindi,iOS,Vivo V27,Android 12,1.1.0,BSNL,organic,remarketing,A,promo_click,1,0,0,305.0,10,1,0,0,0,183.4,Low,Low,2.5,0,0,0,0,186.02,0
100765,2025-02-20,Sun,Evening,48,Female,Bengaluru,Tamil Nadu,India,Tamil,Android,Redmi Note,Android 13,2.1.1,Airtel,meta,welcome_offer,A,promo_click,1,0,1,156.0,13,0,1,0,0,73.4,Low,Medium,2.5,0,0,1,0,377.25,0
100766,2025-03-23,Mon,Night,39,Male,Bengaluru,Rajasthan,India,English,Android,OnePlus Nord,Android 12,1.0.1,Vi,affiliate,install_campaign,B,view_home,1,0,0,83.0,9,1,1,0,0,218.08,Mid,Low,2.7,0,0,1,1,5850.02,4
100767,2025-01-24,Thu,Morning,28,Female,Pune,Tamil Nadu,India,Hindi,Android,Oppo F21,iOS 17,1.0.1,Jio,crm,welcome_offer,D,app_launch,0,0,1,110.0,5,0,1,0,0,150.21,Low,High,1.5,0,0,0,0,212.6,1
100768,2026-02-17,Sat,Evening,50,Male,Bengaluru,Maharashtra,India,Bengali,Android,Oppo F21,iOS 17,1.2.3,Airtel,referral,welcome_offer,C,app_launch,0,1,1,48.0,11,0,1,0,0,299.47,Low,Low,4.5,0,1,0,1,2296.51,7
100769,2025-11-15,Sat,Night,31,Female,Bengaluru,Delhi,India,Tamil,iOS,iPhone 13,iOS 17,1.1.0,BSNL,meta,remarketing,B,view_service,1,0,0,328.0,13,0,1,0,0,20.99,High,Low,3.8,1,0,1,1,4760.7,6
100770,2025-11-05,Thu,Afternoon,42,Male,Delhi,Rajasthan,India,Telugu,Android,OnePlus Nord,iOS 17,1.1.0,Vi,affiliate,remarketing,C,promo_click,0,1,1,264.0,9,0,0,0,0,170.98,Low,Low,3.3,0,0,1,1,2091.13,7
100771,2026-04-19,Mon,Morning,42,Male,Pune,West Bengal,India,Telugu,Android,Samsung A14,iOS 17,1.1.0,Other,affiliate,lookalike,B,view_service,1,1,0,241.0,8,0,0,0,0,144.25,Low,Medium,3.3,0,0,1,0,83.53,0
100772,2025-02-03,Thu,Afternoon,28,Male,Indore,Delhi,India,Tamil,iOS,Oppo F21,iOS 16,1.2.3,ACT,organic,install_campaign,C,notification_open,0,0,1,85.0,8,0,1,0,0,43.37,High,Low,1.5,1,0,0,1,1809.04,5
100773,2025-01-04,Tue,Night,52,Female,Jaipur,Rajasthan,India,English,Android,iPhone 14,iOS 17,2.1.1,ACT,organic,brand_search,A,app_launch,1,0,1,13.0,11,0,0,0,0,87.46,Low,Medium,1.0,0,0,0,0,450.98,1
100774,2025-02-06,Wed,Afternoon,40,Male,Jaipur,West Bengal,India,English,Android,Vivo V27,iOS 17,1.1.0,Other,google,remarketing,B,app_launch,1,1,1,128.0,10,0,0,0,0,316.96,Low,High,2.0,0,0,1,0,348.35,1
100775,2025-11-02,Tue,Night,33,Male,Mumbai,Delhi,India,English,Android,iPhone 13,iOS 16,2.1.1,Vi,meta,lookalike,D,app_launch,1,0,1,28.0,7,0,1,0,1,174.51,Premium,Medium,4.5,1,1,1,0,50.18,2
100776,2025-07-10,Tue,Evening,36,Male,Delhi,Maharashtra,India,Bengali,Android,iPhone 13,iOS 16,2.0.0,Airtel,google,organic,A,promo_click,1,1,1,26.0,11,0,0,1,0,124.9,Low,High,4.0,0,1,1,1,3630.0,2
100777,2025-03-19,Fri,Evening,37,Male,Jaipur,Maharashtra,India,English,Android,Vivo V27,iOS 16,2.1.1,Vi,crm,welcome_offer,C,view_home,1,0,1,349.0,14,0,1,0,0,220.69,Low,Medium,3.8,0,0,0,1,4455.43,2
100778,2025-03-26,Thu,Morning,20,Female,Kolkata,Delhi,India,Tamil,Web,iPhone 13,Android 14,2.0.0,Jio,referral,lookalike,D,view_home,1,0,1,129.0,9,0,1,0,0,92.71,High,Medium,1.5,1,0,0,0,335.78,2
100779,2026-02-20,Fri,Morning,28,Male,Delhi,Maharashtra,India,Telugu,Android,iPhone 14,Android 13,2.1.1,Other,affiliate,remarketing,D,signup,1,1,1,257.0,10,0,0,0,0,13.44,Premium,Medium,3.3,1,0,1,0,220.07,1
100780,2025-10-14,Wed,Evening,48,Female,Kolkata,Tamil Nadu,India,Hindi,Android,Redmi Note,Android 13,2.0.0,ACT,google,welcome_offer,A,notification_open,1,0,1,191.0,6,0,0,0,0,95.15,Mid,Low,0.0,0,0,1,0,180.1,0
100781,2026-03-11,Tue,Morning,31,Female,Hyderabad,Rajasthan,India,English,iOS,Samsung A14,iOS 16,1.1.0,Jio,affiliate,install_campaign,C,view_service,0,1,1,154.0,8,0,1,0,0,73.69,Low,Low,3.5,0,0,1,0,114.66,1
100782,2025-08-11,Fri,Morning,41,Female,Jaipur,West Bengal,India,English,Android,Oppo F21,Android 13,2.1.1,ACT,organic,organic,A,app_launch,0,1,1,52.0,5,0,0,0,0,47.19,High,Low,2.0,1,0,0,1,2454.71,7
100783,2026-01-15,Fri,Afternoon,45,Male,Delhi,MP,India,English,Android,iPhone 13,Android 13,1.0.1,BSNL,google,organic,D,promo_click,0,0,0,117.0,6,0,0,1,1,216.04,Mid,Low,4.0,0,1,1,0,136.04,0
100784,2026-04-03,Tue,Morning,39,Male,Chennai,MP,India,Hindi,Android,Vivo V27,Android 12,1.1.0,BSNL,google,organic,C,app_launch,1,1,0,295.0,7,0,0,1,0,134.02,Low,Medium,4.3,0,1,1,1,3548.05,4
100785,2024-12-19,Sun,Afternoon,53,Male,Pune,West Bengal,Canada,Tamil,Android,Oppo F21,iOS 16,1.0.1,Airtel,google,brand_search,A,promo_click,1,0,1,34.0,10,0,0,1,0,187.12,Low,Low,1.0,0,0,1,0,58.07,0
100786,2025-09-29,Fri,Morning,22,Male,Hyderabad,Telangana,UAE,Bengali,Android,Redmi Note,iOS 16,2.1.1,Jio,crm,organic,C,app_launch,0,1,1,107.0,7,0,0,0,0,70.71,Mid,Low,2.0,0,0,0,0,192.07,1
100787,2025-07-19,Mon,Night,55,Female,Delhi,MP,India,Tamil,iOS,Oppo F21,Android 14,1.0.1,ACT,affiliate,install_campaign,A,promo_click,1,1,1,180.0,9,1,0,1,0,60.07,Low,Medium,4.2,0,1,1,1,2808.19,7
100788,2025-02-19,Wed,Afternoon,44,Female,Chennai,Telangana,India,Telugu,Android,Oppo F21,iOS 16,2.0.0,BSNL,affiliate,install_campaign,D,view_service,0,1,0,117.0,6,0,1,0,0,93.41,High,Low,3.5,1,0,1,1,7409.54,6
100789,2026-02-04,Thu,Afternoon,38,Male,Mumbai,Karnataka,India,English,Android,iPhone 14,iOS 16,1.2.3,Other,referral,welcome_offer,E,signup,0,0,0,132.0,9,1,0,0,0,442.42,Mid,Medium,1.2,0,0,0,1,2349.9,4
100790,2025-06-29,Sat,Evening,24,Male,Hyderabad,West Bengal,India,English,Android,Vivo V27,Android 13,2.1.1,Airtel,organic,welcome_offer,B,promo_click,1,0,1,333.0,8,0,1,0,0,184.31,Premium,Low,2.8,1,0,0,1,1875.24,2
100791,2026-05-15,Mon,Afternoon,32,Male,Pune,Rajasthan,India,Bengali,Web,iPhone 13,Android 14,2.0.0,Vi,referral,lookalike,E,promo_click,0,0,1,296.0,4,0,0,0,0,120.15,High,Medium,1.3,1,0,0,0,140.61,1
100792,2026-05-11,Thu,Morning,57,Male,Indore,Tamil Nadu,Canada,Bengali,iOS,Oppo F21,Android 12,1.0.1,Airtel,organic,remarketing,D,signup,1,0,0,201.0,5,1,0,0,0,174.63,Low,Low,1.2,0,0,0,1,1647.6,5
100793,2025-03-17,Wed,Night,38,Male,Bengaluru,Delhi,India,Bengali,iOS,Oppo F21,iOS 17,1.0.1,Other,crm,lookalike,A,notification_open,1,0,1,398.0,10,0,0,0,0,139.62,High,High,1.3,1,0,0,0,44.68,0
100794,2025-09-27,Thu,Afternoon,26,Female,Pune,Karnataka,India,English,Android,iPhone 13,iOS 16,1.0.1,ACT,referral,organic,E,promo_click,1,1,1,147.0,8,0,0,0,0,142.12,Low,Low,2.0,0,0,0,0,157.83,2
100795,2026-02-11,Sun,Night,34,Female,Bengaluru,Rajasthan,India,Bengali,Web,iPhone 14,iOS 17,2.1.1,Jio,referral,brand_search,B,view_home,1,0,0,116.0,9,0,1,0,0,198.13,Mid,Low,1.5,0,0,0,0,672.68,2
100796,2025-01-10,Thu,Afternoon,28,Male,Chennai,Karnataka,India,Telugu,Web,iPhone 14,Android 14,2.1.1,ACT,organic,install_campaign,D,signup,1,1,1,389.0,7,0,0,0,0,158.64,High,High,3.3,1,0,0,1,5514.11,4
100797,2025-12-29,Wed,Night,28,Female,Bengaluru,Karnataka,India,Tamil,Android,iPhone 13,iOS 17,1.1.0,Other,referral,brand_search,D,view_home,1,1,1,21.0,3,0,0,1,0,121.6,Mid,High,3.0,0,0,0,0,134.25,0
100798,2025-07-02,Fri,Evening,27,Male,Mumbai,MP,India,Hindi,Android,OnePlus Nord,Android 12,2.1.1,Airtel,crm,remarketing,C,promo_click,1,1,1,114.0,12,1,1,0,0,102.72,Mid,Medium,5.7,0,1,0,1,798.15,5
100799,2025-11-12,Sat,Evening,29,Male,Pune,Delhi,UAE,Bengali,Android,Redmi Note,Android 13,2.0.0,Other,crm,install_campaign,A,view_service,1,0,1,31.0,9,0,1,0,0,306.41,Low,Low,1.5,0,0,0,0,408.95,2
100800,2025-11-16,Sat,Morning,54,Male,Jaipur,Maharashtra,India,Telugu,iOS,Samsung A14,Android 12,1.1.0,Vi,crm,welcome_offer,E,notification_open,0,1,1,248.0,9,0,0,0,0,258.83,High,Low,3.3,1,0,0,1,3793.47,5
100801,2025-05-31,Fri,Afternoon,51,Male,Jaipur,Delhi,India,Bengali,Android,iPhone 13,Android 14,1.0.1,ACT,referral,install_campaign,D,app_launch,1,1,0,120.0,5,0,1,0,0,113.29,Mid,Medium,3.5,0,0,0,1,4970.73,5
100802,2025-03-07,Tue,Afternoon,37,Female,Chennai,Tamil Nadu,USA,Hindi,Android,Redmi Note,Android 13,2.0.0,Vi,affiliate,welcome_offer,B,notification_open,1,0,0,237.0,4,0,1,0,0,169.36,Mid,Medium,1.5,0,0,1,0,51.81,1
100803,2025-09-10,Wed,Afternoon,51,Male,Kolkata,Maharashtra,India,English,Android,Redmi Note,iOS 17,1.2.3,Airtel,affiliate,brand_search,D,app_launch,1,0,1,129.0,8,0,1,0,0,114.29,Mid,High,1.5,0,0,1,1,2582.58,7
100804,2026-03-23,Mon,Evening,57,Female,Delhi,Delhi,India,Tamil,Android,Oppo F21,Android 14,2.1.1,ACT,affiliate,organic,A,signup,1,0,1,309.0,8,0,1,0,0,53.94,Mid,High,2.8,0,0,1,1,4374.22,6
100805,2025-11-26,Thu,Night,36,Female,Hyderabad,Karnataka,India,Hindi,Android,Vivo V27,Android 12,1.2.3,Vi,organic,lookalike,E,promo_click,1,0,1,563.0,11,1,0,0,0,52.72,High,Medium,3.5,1,0,0,1,1138.05,4
100806,2025-07-01,Fri,Night,23,Female,Bengaluru,Tamil Nadu,India,Hindi,Android,iPhone 14,iOS 17,1.2.3,Airtel,affiliate,brand_search,C,promo_click,1,0,1,310.0,3,0,0,0,1,396.55,Mid,Low,4.3,0,1,1,1,2223.52,4
100807,2026-05-09,Mon,Morning,37,Male,Hyderabad,MP,India,Hindi,Android,iPhone 14,Android 13,2.1.1,Jio,crm,lookalike,B,signup,1,1,0,246.0,3,0,0,0,1,167.4,Premium,Medium,6.3,1,1,0,1,1517.22,5
100808,2025-04-01,Sun,Evening,50,Male,Indore,Rajasthan,India,Tamil,Android,iPhone 14,iOS 16,2.0.0,Vi,google,lookalike,C,app_launch,0,1,1,243.0,10,0,1,0,0,64.31,Mid,Medium,4.8,0,1,1,1,3943.4,2
100809,2025-11-29,Sun,Evening,22,Female,Chennai,Rajasthan,India,English,Android,iPhone 14,iOS 16,1.2.3,ACT,affiliate,brand_search,B,app_launch,1,0,1,45.0,17,0,0,1,0,193.78,Mid,High,2.0,0,0,1,0,1.43,0
100810,2025-06-05,Tue,Night,59,Male,Hyderabad,Rajasthan,UAE,Bengali,Android,iPhone 14,Android 14,1.2.3,BSNL,organic,brand_search,E,signup,1,0,1,238.0,6,1,1,0,0,69.49,Mid,High,2.7,0,0,0,0,664.63,0
100811,2026-05-06,Thu,Evening,48,Male,Hyderabad,Telangana,India,Hindi,Android,iPhone 14,Android 14,2.0.0,ACT,referral,organic,D,promo_click,1,0,1,474.0,7,0,0,0,0,164.21,Low,Medium,1.3,0,0,0,0,51.03,1
100812,2025-01-30,Mon,Morning,21,Female,Chennai,Maharashtra,India,Bengali,iOS,Samsung A14,Android 14,1.1.0,ACT,organic,lookalike,A,promo_click,0,0,0,414.0,8,0,1,0,0,385.23,Mid,Medium,2.8,0,0,0,1,489.46,5
100813,2026-02-15,Sat,Evening,33,Female,Chennai,Telangana,India,Hindi,iOS,OnePlus Nord,iOS 17,2.0.0,ACT,organic,lookalike,A,view_service,1,0,0,190.0,10,0,1,0,0,47.35,Mid,Medium,1.5,0,0,0,0,190.32,1
100814,2025-01-12,Sat,Night,55,Male,Mumbai,Maharashtra,UAE,Telugu,iOS,Redmi Note,Android 14,2.1.1,Vi,affiliate,install_campaign,A,app_launch,1,0,1,151.0,5,0,0,1,0,71.34,Low,Medium,1.0,0,0,1,0,273.88,3
100815,2025-05-16,Sun,Evening,52,Male,Delhi,Karnataka,India,Hindi,Android,iPhone 13,iOS 16,1.1.0,Vi,google,remarketing,C,promo_click,1,0,0,62.0,2,0,1,1,0,266.0,Mid,Medium,2.5,0,0,1,0,406.98,1
100816,2025-12-20,Sun,Evening,47,Male,Chennai,Rajasthan,UK,Bengali,Android,iPhone 13,Android 12,1.2.3,Vi,meta,remarketing,C,signup,1,1,1,87.0,6,0,1,0,0,144.8,Mid,High,3.5,0,0,1,1,2298.62,11
100817,2026-03-15,Sun,Evening,21,Male,Delhi,Tamil Nadu,UAE,Bengali,Android,iPhone 14,iOS 17,2.1.1,BSNL,google,remarketing,E,promo_click,0,0,0,216.0,12,0,1,1,1,159.06,Mid,Medium,6.5,0,1,1,1,704.56,4
100818,2025-06-05,Sat,Afternoon,28,Male,Jaipur,Telangana,India,Hindi,iOS,Redmi Note,iOS 16,2.0.0,Airtel,google,install_campaign,B,signup,0,0,0,165.0,7,0,1,0,0,285.57,Low,Medium,1.5,0,0,1,1,3215.95,6
100819,2026-03-04,Thu,Night,57,Female,Delhi,Rajasthan,India,Hindi,Android,Samsung A14,iOS 16,2.0.0,Jio,organic,brand_search,C,signup,0,1,1,236.0,12,1,0,1,0,139.92,Mid,Low,5.2,0,1,0,1,2355.36,7
100820,2025-11-19,Thu,Morning,34,Male,Jaipur,Karnataka,India,Telugu,Android,Oppo F21,iOS 16,1.1.0,ACT,affiliate,brand_search,C,view_service,1,0,0,463.0,12,0,0,0,0,100.94,Mid,Low,2.3,0,0,1,1,2914.07,6
100821,2025-01-14,Tue,Afternoon,40,Male,Mumbai,Delhi,USA,Telugu,Android,Vivo V27,Android 14,1.2.3,Airtel,organic,brand_search,A,promo_click,0,0,1,33.0,9,0,0,1,0,117.14,Low,Low,1.0,0,0,0,0,93.36,0
100822,2025-04-11,Sun,Morning,26,Female,Kolkata,Karnataka,USA,Tamil,iOS,iPhone 13,iOS 16,2.1.1,Airtel,affiliate,remarketing,E,view_home,1,0,1,238.0,6,1,1,0,1,227.91,Low,Low,5.7,0,1,1,1,6336.34,6
100823,2025-04-06,Thu,Night,26,Female,Bengaluru,Karnataka,India,Hindi,Android,Oppo F21,Android 12,1.2.3,Other,affiliate,brand_search,D,signup,1,0,0,335.0,6,0,1,1,0,548.63,Low,Medium,3.8,0,0,1,1,2545.19,3
100824,2026-01-03,Mon,Night,58,Male,Jaipur,Delhi,India,Telugu,Android,Vivo V27,iOS 17,1.1.0,Jio,meta,install_campaign,A,signup,1,1,0,247.0,8,0,0,0,0,60.33,Mid,Low,3.3,0,0,1,1,4167.27,5
100825,2025-07-31,Wed,Night,27,Male,Delhi,West Bengal,UK,Bengali,Android,Redmi Note,Android 12,2.1.1,Airtel,referral,lookalike,B,view_home,1,0,1,113.0,4,0,0,0,0,247.49,Low,Low,0.0,0,0,0,0,112.24,1
100826,2024-12-31,Wed,Morning,24,Male,Bengaluru,Maharashtra,India,Telugu,Android,Samsung A14,Android 14,1.1.0,Jio,affiliate,brand_search,D,app_launch,1,0,1,580.0,6,1,0,0,0,128.01,Mid,Low,2.5,0,0,1,0,679.01,0
100827,2024-12-20,Tue,Night,34,Female,Bengaluru,Delhi,India,Hindi,Android,OnePlus Nord,Android 13,1.1.0,ACT,google,remarketing,A,view_service,1,0,1,151.0,11,0,1,0,1,62.15,Low,High,5.5,0,1,1,0,626.26,1
100828,2025-12-24,Thu,Night,59,Male,Mumbai,Maharashtra,India,Bengali,Android,iPhone 13,Android 14,1.2.3,BSNL,google,brand_search,B,signup,1,1,0,275.0,6,1,0,0,0,73.34,Mid,High,4.5,0,1,1,0,310.8,1
100829,2026-05-23,Fri,Afternoon,19,Male,Pune,Telangana,UK,Telugu,iOS,OnePlus Nord,Android 13,1.2.3,Vi,google,organic,A,app_launch,0,1,1,254.0,6,1,0,1,1,107.65,Mid,Medium,8.5,0,1,1,1,6936.93,6
100830,2025-04-21,Thu,Afternoon,43,Female,Pune,Rajasthan,UAE,English,Android,iPhone 14,Android 14,1.0.1,Vi,google,welcome_offer,D,app_launch,1,0,1,87.0,4,0,1,0,0,60.3,Low,Medium,1.5,0,0,1,1,5783.16,7
100831,2026-02-08,Tue,Afternoon,36,Male,Mumbai,Karnataka,India,Hindi,Android,Samsung A14,Android 12,2.1.1,ACT,organic,install_campaign,A,view_home,0,0,1,52.0,10,0,0,1,0,79.07,High,Medium,1.0,1,0,0,0,165.97,0
100832,2026-01-04,Fri,Morning,30,Male,Pune,Delhi,India,Telugu,Android,iPhone 14,iOS 17,2.1.1,Vi,organic,lookalike,A,view_home,0,0,0,110.0,12,0,0,0,0,161.62,Mid,Medium,1.0,0,0,0,0,230.5,1
100833,2025-05-08,Tue,Evening,43,Female,Chennai,Maharashtra,India,Hindi,Android,iPhone 13,Android 14,1.1.0,Airtel,meta,welcome_offer,B,view_service,1,1,1,199.0,10,0,1,1,1,80.86,High,Low,7.5,1,1,1,1,4148.03,4
100834,2026-02-02,Tue,Morning,22,Male,Jaipur,MP,India,Telugu,iOS,Oppo F21,Android 12,1.2.3,ACT,referral,lookalike,E,view_home,1,0,0,210.0,9,0,1,0,0,200.34,Mid,Medium,1.5,0,0,0,1,1923.85,10
100835,2025-05-17,Mon,Evening,59,Female,Pune,Rajasthan,India,Hindi,Android,OnePlus Nord,iOS 17,2.0.0,BSNL,meta,organic,D,signup,1,1,1,540.0,9,1,0,0,0,43.52,High,Medium,4.5,1,1,1,1,4184.56,8
100836,2025-11-13,Sun,Evening,20,Female,Pune,Karnataka,India,Tamil,Android,Samsung A14,iOS 17,1.0.1,BSNL,google,welcome_offer,E,promo_click,1,0,0,127.0,8,0,1,0,0,146.88,Premium,Medium,1.5,1,0,1,0,73.88,2
100837,2026-05-26,Thu,Night,45,Female,Jaipur,Telangana,India,Hindi,Android,Samsung A14,Android 13,2.0.0,Airtel,meta,welcome_offer,B,view_service,0,0,1,304.0,8,0,0,0,0,67.99,Low,Low,1.3,0,0,1,1,1889.18,4
100838,2025-03-05,Fri,Evening,56,Male,Bengaluru,Maharashtra,India,Telugu,Android,OnePlus Nord,iOS 17,1.1.0,BSNL,referral,brand_search,D,notification_open,1,1,1,177.0,10,0,1,1,0,188.42,High,High,4.5,1,1,0,1,2911.48,3
100839,2026-03-09,Mon,Afternoon,48,Female,Jaipur,Telangana,India,Telugu,iOS,iPhone 13,Android 12,1.0.1,Jio,meta,install_campaign,A,notification_open,1,0,0,54.0,10,0,0,0,1,22.55,High,Medium,3.0,1,0,1,1,3955.9,6
100840,2025-04-23,Fri,Night,18,Male,Jaipur,Karnataka,India,Bengali,Android,Vivo V27,Android 13,1.1.0,Jio,crm,install_campaign,D,view_home,1,1,0,246.0,6,1,0,0,0,174.32,Premium,Medium,4.5,1,1,0,1,3112.86,4
100841,2026-01-25,Sat,Evening,57,Male,Mumbai,West Bengal,India,Bengali,Web,Vivo V27,iOS 16,2.0.0,Jio,crm,lookalike,C,notification_open,1,1,1,139.0,8,1,0,0,0,106.17,Low,High,3.2,0,0,0,0,144.76,2
100842,2025-03-02,Sun,Evening,18,Female,Indore,Delhi,India,English,iOS,OnePlus Nord,iOS 17,1.0.1,ACT,referral,brand_search,E,view_service,1,0,1,107.0,11,0,0,0,0,82.8,Low,Low,1.0,0,0,0,0,118.72,2
100843,2026-01-22,Thu,Morning,22,Male,Hyderabad,Maharashtra,India,Bengali,Android,iPhone 13,iOS 17,2.0.0,Vi,crm,organic,D,signup,0,0,1,297.0,10,0,0,0,0,209.49,Low,Low,1.3,0,0,0,0,195.86,2
100844,2025-10-06,Mon,Night,46,Female,Delhi,Telangana,India,Bengali,Android,iPhone 14,Android 13,1.2.3,BSNL,meta,install_campaign,A,promo_click,0,0,0,282.0,8,0,0,0,1,183.96,Low,Low,4.3,0,1,1,1,4051.36,9
100845,2025-07-26,Tue,Evening,32,Male,Jaipur,Maharashtra,India,English,Android,OnePlus Nord,Android 14,1.2.3,Jio,referral,brand_search,E,signup,1,0,1,221.0,7,0,1,0,0,112.32,Low,Low,1.5,0,0,0,0,233.79,1
100846,2025-10-26,Sat,Night,52,Male,Mumbai,West Bengal,India,Tamil,Android,Oppo F21,Android 14,2.1.1,Jio,crm,install_campaign,C,signup,0,0,1,125.0,8,0,0,0,0,142.36,High,High,0.0,1,0,0,0,225.2,0
100847,2026-05-14,Sat,Evening,34,Female,Jaipur,Delhi,India,Bengali,iOS,Samsung A14,Android 14,1.1.0,Vi,organic,brand_search,E,signup,1,1,0,187.0,5,1,0,0,1,71.38,Premium,High,6.2,1,1,0,1,1741.67,7
100848,2025-08-20,Sun,Afternoon,23,Male,Hyderabad,Delhi,USA,Tamil,Android,Redmi Note,Android 12,2.0.0,Airtel,google,brand_search,C,app_launch,1,1,1,325.0,3,0,0,0,0,31.84,Low,Medium,3.3,0,0,1,1,2694.78,7
100849,2024-12-15,Thu,Morning,54,Male,Indore,Rajasthan,UAE,Hindi,iOS,Vivo V27,iOS 17,2.1.1,Airtel,referral,brand_search,A,promo_click,1,1,1,194.0,4,0,1,0,0,78.54,Mid,Medium,3.5,0,0,0,1,4798.74,2
100850,2025-10-09,Thu,Evening,44,Female,Kolkata,Delhi,India,Bengali,Android,Vivo V27,Android 13,1.2.3,ACT,crm,welcome_offer,D,view_home,1,1,0,203.0,6,1,0,0,0,39.09,High,High,3.2,1,0,0,1,4543.15,5
100851,2026-02-06,Sun,Evening,20,Female,Delhi,West Bengal,India,English,Android,Redmi Note,Android 12,1.0.1,Jio,crm,lookalike,C,view_service,1,1,0,204.0,7,1,1,1,0,64.02,Mid,Medium,5.7,0,1,0,1,5215.04,7
100852,2025-06-28,Fri,Afternoon,28,Male,Pune,MP,India,Bengali,Android,OnePlus Nord,iOS 17,1.0.1,Airtel,affiliate,welcome_offer,B,notification_open,1,1,0,321.0,5,0,1,0,0,77.24,High,High,4.8,1,1,1,1,1894.48,3
100853,2025-06-14,Sun,Night,37,Male,Indore,Tamil Nadu,India,Tamil,Web,iPhone 14,iOS 16,2.0.0,Vi,affiliate,welcome_offer,B,signup,0,1,0,217.0,8,0,0,0,0,70.07,Mid,High,2.0,0,0,1,1,4387.48,6
100854,2026-05-14,Sun,Morning,31,Female,Jaipur,Delhi,India,Hindi,Android,Oppo F21,iOS 16,2.1.1,BSNL,google,lookalike,D,promo_click,1,1,1,172.0,4,0,1,0,0,100.4,Premium,Low,3.5,1,0,1,1,5611.78,8
100855,2025-10-19,Sun,Night,43,Male,Pune,Telangana,India,Hindi,iOS,OnePlus Nord,Android 13,1.0.1,Vi,referral,install_campaign,C,promo_click,1,0,1,287.0,8,0,1,0,0,52.62,Premium,Medium,2.8,1,0,0,0,98.97,3
100856,2025-03-26,Wed,Evening,19,Male,Pune,Tamil Nadu,India,Bengali,iOS,Vivo V27,Android 12,1.1.0,Other,meta,brand_search,C,signup,0,0,1,110.0,5,0,1,0,0,83.07,Mid,Low,1.5,0,0,1,0,154.36,0
100857,2025-08-15,Sat,Evening,27,Female,Chennai,MP,India,English,Android,iPhone 14,Android 14,1.1.0,BSNL,organic,brand_search,A,signup,0,1,1,247.0,9,0,0,0,0,194.71,Low,Low,3.3,0,0,0,1,3956.3,4
100858,2025-10-25,Sun,Afternoon,47,Male,Hyderabad,Karnataka,India,Tamil,Android,OnePlus Nord,iOS 16,1.0.1,Vi,crm,lookalike,A,app_launch,0,1,1,36.0,7,0,0,0,0,122.09,Low,Medium,2.0,0,0,0,0,102.11,1
100859,2026-01-27,Wed,Evening,51,Male,Kolkata,Maharashtra,India,Telugu,Android,iPhone 13,Android 12,2.0.0,BSNL,affiliate,organic,A,notification_open,1,0,1,263.0,12,0,0,0,0,64.56,Premium,Medium,2.3,1,0,1,1,3814.23,5
100860,2025-06-21,Thu,Afternoon,50,Female,Bengaluru,West Bengal,India,Tamil,Android,Vivo V27,iOS 17,2.0.0,ACT,google,install_campaign,E,app_launch,1,1,1,299.0,8,0,0,0,0,148.12,High,Low,3.3,1,0,1,1,6352.64,1
100861,2025-06-19,Mon,Afternoon,48,Female,Pune,MP,India,Hindi,iOS,Vivo V27,Android 12,1.0.1,BSNL,affiliate,organic,B,notification_open,1,0,1,330.0,7,0,1,0,1,80.17,Low,Medium,5.8,0,1,1,1,1055.67,3
100862,2025-04-03,Thu,Afternoon,53,Female,Delhi,Delhi,India,Tamil,Android,Samsung A14,Android 14,1.1.0,ACT,affiliate,lookalike,E,view_home,1,0,0,554.0,9,1,1,0,0,41.11,Low,Low,4.0,0,1,1,1,2007.3,6
100863,2025-04-29,Thu,Morning,57,Male,Kolkata,Tamil Nadu,India,English,Android,iPhone 14,iOS 16,1.1.0,Other,crm,welcome_offer,B,promo_click,1,0,1,189.0,6,0,0,0,0,232.87,Mid,High,0.0,0,0,0,0,233.3,1
100864,2025-01-22,Wed,Night,41,Male,Bengaluru,West Bengal,India,Bengali,Web,Samsung A14,Android 14,1.1.0,BSNL,affiliate,remarketing,B,app_launch,1,0,0,184.0,9,0,0,0,0,43.76,Mid,High,0.0,0,0,1,1,1753.61,6
100865,2025-10-11,Sun,Night,54,Male,Pune,MP,India,Tamil,Android,iPhone 14,Android 14,2.0.0,Other,crm,remarketing,C,signup,1,1,0,309.0,11,0,1,0,0,127.9,High,Medium,5.8,1,1,0,1,3127.2,4
100866,2026-05-21,Sat,Morning,50,Male,Mumbai,West Bengal,USA,Tamil,iOS,Oppo F21,iOS 17,1.2.3,ACT,crm,lookalike,D,notification_open,1,1,0,58.0,6,0,0,0,0,129.78,Low,Low,2.0,0,0,0,0,273.97,0
100867,2024-12-18,Wed,Morning,38,Male,Pune,West Bengal,India,Tamil,Web,iPhone 13,Android 13,1.2.3,ACT,organic,install_campaign,A,promo_click,1,0,0,342.0,8,1,1,0,0,239.01,Mid,Low,4.0,0,1,0,1,8764.82,7
100868,2025-07-11,Mon,Night,54,Other,Indore,Karnataka,UAE,Telugu,iOS,OnePlus Nord,Android 12,2.0.0,BSNL,meta,welcome_offer,B,promo_click,1,1,1,53.0,11,0,0,0,1,114.12,Premium,Low,6.0,1,1,1,1,6121.32,9
100869,2025-10-01,Sun,Night,54,Female,Kolkata,Maharashtra,India,Bengali,iOS,iPhone 14,iOS 17,1.0.1,Jio,referral,organic,E,view_service,1,1,1,160.0,12,1,0,0,0,150.12,Low,Medium,4.2,0,1,0,0,56.72,0
100870,2025-11-24,Sun,Morning,25,Female,Jaipur,Delhi,UAE,Hindi,Android,Oppo F21,Android 12,2.1.1,Airtel,meta,organic,B,app_launch,1,1,1,128.0,7,1,0,0,0,42.67,Mid,Low,3.2,0,0,1,1,1182.45,2
100871,2025-03-19,Mon,Afternoon,34,Male,Pune,Karnataka,India,Bengali,Android,Vivo V27,Android 12,2.0.0,Vi,meta,install_campaign,D,view_service,1,1,1,301.0,7,0,0,0,0,33.39,High,High,3.3,1,0,1,1,6613.73,8
100872,2025-11-22,Wed,Evening,30,Female,Pune,Karnataka,UK,Telugu,Android,Samsung A14,iOS 16,1.0.1,ACT,crm,remarketing,C,notification_open,1,1,1,38.0,10,1,1,1,0,492.73,Mid,Medium,5.7,0,1,0,0,530.55,0
100873,2025-11-14,Sun,Morning,37,Female,Kolkata,Telangana,UK,Tamil,Android,iPhone 13,Android 13,2.0.0,Jio,google,lookalike,C,app_launch,0,1,1,157.0,6,1,1,0,1,345.44,Low,Low,7.7,0,1,1,0,379.24,1
100874,2025-12-12,Wed,Evening,18,Female,Bengaluru,Maharashtra,India,Bengali,iOS,iPhone 13,Android 13,2.1.1,Other,affiliate,organic,D,app_launch,1,0,1,103.0,12,0,1,0,0,98.72,Mid,Low,2.5,0,0,1,1,3153.38,9
100875,2025-10-28,Wed,Afternoon,20,Male,Kolkata,Rajasthan,India,Telugu,iOS,Samsung A14,Android 13,1.2.3,Jio,organic,brand_search,E,promo_click,1,0,0,416.0,6,0,0,1,1,346.21,High,Low,5.3,1,1,0,0,52.92,0
100876,2025-12-29,Wed,Night,31,Female,Mumbai,Tamil Nadu,India,Hindi,Android,OnePlus Nord,iOS 17,2.0.0,Vi,affiliate,lookalike,C,notification_open,1,1,1,725.0,4,0,1,0,0,130.99,Mid,Low,4.8,0,1,1,1,4175.77,4
100877,2026-05-22,Wed,Morning,20,Male,Hyderabad,Tamil Nadu,India,Tamil,Android,OnePlus Nord,iOS 17,1.0.1,ACT,affiliate,organic,B,promo_click,1,1,1,316.0,11,1,0,0,0,24.72,High,Medium,5.5,1,1,1,0,96.76,0
100878,2026-04-07,Fri,Evening,45,Female,Mumbai,Delhi,India,Tamil,Android,Vivo V27,Android 12,2.0.0,Vi,meta,welcome_offer,D,promo_click,1,1,1,121.0,11,1,1,0,0,152.9,Mid,High,5.7,0,1,1,0,9.39,1
100879,2026-03-19,Fri,Evening,52,Female,Hyderabad,Telangana,India,Tamil,Android,iPhone 14,iOS 17,1.2.3,Vi,organic,brand_search,B,notification_open,1,0,1,343.0,11,0,0,0,0,92.47,Premium,Low,2.3,1,0,0,1,2358.49,2
100880,2026-02-26,Sun,Morning,27,Female,Delhi,West Bengal,India,Hindi,iOS,Vivo V27,iOS 17,2.0.0,Vi,crm,remarketing,D,view_service,1,1,0,225.0,7,1,0,0,0,308.94,Mid,Low,3.2,0,0,0,1,4486.91,4
100881,2025-12-13,Thu,Evening,37,Male,Pune,Delhi,India,English,Android,Samsung A14,iOS 17,1.2.3,Jio,crm,remarketing,A,signup,1,1,1,462.0,14,1,1,0,0,278.6,High,High,7.0,1,1,0,1,5177.73,6
100882,2026-01-27,Mon,Night,31,Male,Jaipur,Telangana,India,English,Android,Redmi Note,iOS 16,1.0.1,Vi,referral,install_campaign,E,signup,1,1,1,78.0,8,1,0,0,0,318.88,Low,Low,3.2,0,0,0,1,3548.94,4
100883,2025-12-02,Sun,Afternoon,58,Male,Jaipur,MP,India,Tamil,Android,Samsung A14,iOS 17,1.1.0,BSNL,google,welcome_offer,D,app_launch,1,1,0,388.0,5,1,1,0,0,117.41,Mid,High,6.0,0,1,1,1,2559.25,4
100884,2026-05-19,Tue,Evening,24,Female,Pune,Delhi,India,Telugu,Android,Vivo V27,iOS 16,2.1.1,BSNL,affiliate,welcome_offer,A,view_home,1,0,0,344.0,10,1,1,1,0,61.83,Mid,Low,5.0,0,1,1,1,4569.88,6
100885,2025-02-25,Tue,Afternoon,22,Male,Indore,Rajasthan,India,Hindi,Android,iPhone 14,Android 12,1.2.3,Other,affiliate,welcome_offer,C,app_launch,1,1,0,56.0,6,0,1,0,0,393.41,Low,Low,3.5,0,0,1,0,884.73,0
100886,2025-05-09,Tue,Morning,59,Male,Chennai,MP,USA,Telugu,Android,OnePlus Nord,Android 12,1.1.0,Vi,referral,install_campaign,E,promo_click,0,0,1,86.0,7,0,0,0,0,335.37,Mid,Low,0.0,0,0,0,0,63.0,2
100887,2025-09-26,Sun,Afternoon,51,Male,Bengaluru,West Bengal,India,Hindi,Android,Samsung A14,iOS 16,1.0.1,Airtel,google,lookalike,C,promo_click,0,1,0,363.0,4,1,0,0,0,41.27,Mid,Low,4.5,0,1,1,1,3791.55,6
100888,2026-01-28,Sun,Night,31,Male,Chennai,Tamil Nadu,India,Hindi,Android,Oppo F21,Android 14,1.0.1,BSNL,google,welcome_offer,A,signup,1,1,1,96.0,7,0,0,1,0,33.75,High,Medium,3.0,1,0,1,0,26.38,0
100889,2026-04-02,Fri,Evening,43,Male,Indore,Maharashtra,India,Tamil,Android,iPhone 14,Android 12,2.1.1,Jio,meta,welcome_offer,C,view_service,1,1,1,141.0,7,0,1,0,0,341.78,Mid,Low,3.5,0,0,1,1,5125.74,10
100890,2025-10-18,Thu,Evening,35,Female,Kolkata,Karnataka,India,Hindi,Android,Oppo F21,Android 14,2.1.1,Vi,crm,install_campaign,C,signup,1,0,1,116.0,4,0,1,1,0,23.03,Mid,Low,2.5,0,0,0,0,183.51,0
100891,2025-10-01,Fri,Night,36,Female,Hyderabad,Telangana,India,Hindi,Android,Redmi Note,Android 13,1.1.0,Vi,meta,lookalike,A,promo_click,1,1,1,262.0,7,0,0,1,0,69.64,Mid,Medium,4.3,0,1,1,0,77.7,0
100892,2025-05-15,Sun,Evening,21,Female,Bengaluru,Tamil Nadu,India,Tamil,iOS,Samsung A14,Android 12,2.0.0,Jio,referral,brand_search,B,promo_click,1,1,1,98.0,6,0,0,0,0,129.93,Mid,Low,2.0,0,0,0,0,211.59,1
100893,2024-12-29,Wed,Evening,46,Male,Hyderabad,West Bengal,India,Bengali,Android,iPhone 14,iOS 16,2.1.1,Airtel,organic,install_campaign,B,signup,0,1,1,134.0,9,0,1,0,0,103.65,Low,Medium,3.5,0,0,0,1,5681.9,3
100894,2026-05-28,Tue,Afternoon,40,Female,Jaipur,Tamil Nadu,India,English,Web,Oppo F21,Android 12,1.0.1,Airtel,meta,remarketing,E,view_service,1,1,0,176.0,6,0,1,1,0,22.62,Mid,Medium,4.5,0,1,1,1,2040.74,5
100895,2024-12-16,Sat,Night,22,Female,Indore,Delhi,India,Telugu,Android,iPhone 13,iOS 17,2.1.1,ACT,affiliate,organic,A,app_launch,1,1,0,204.0,7,0,0,0,0,106.33,Mid,Medium,2.0,0,0,1,0,91.84,2
100896,2026-02-19,Sat,Night,27,Female,Delhi,Delhi,India,Hindi,Android,Redmi Note,Android 14,1.1.0,Airtel,google,lookalike,B,view_service,0,1,1,179.0,11,1,0,0,0,9.99,High,Medium,4.2,1,1,1,1,3673.32,3
100897,2025-02-15,Thu,Night,44,Male,Chennai,West Bengal,India,Bengali,Android,Redmi Note,iOS 17,1.1.0,BSNL,organic,welcome_offer,B,view_home,1,1,0,187.0,8,0,0,0,0,66.72,High,High,2.0,1,0,0,1,1581.39,2
100898,2024-12-25,Mon,Morning,58,Male,Jaipur,Rajasthan,India,Tamil,Android,Oppo F21,Android 13,2.0.0,Jio,meta,brand_search,E,view_service,1,0,1,223.0,15,1,1,0,0,66.61,Mid,High,3.7,0,0,1,1,4878.62,8
100899,2026-01-10,Sat,Night,55,Male,Pune,Karnataka,India,Telugu,Android,Vivo V27,iOS 16,1.0.1,Other,meta,organic,A,view_home,1,1,1,285.0,12,0,1,0,0,114.44,Mid,Medium,5.8,0,1,1,1,3840.92,7
100900,2025-09-07,Wed,Night,39,Male,Hyderabad,Telangana,USA,Telugu,Android,iPhone 13,iOS 16,2.1.1,BSNL,affiliate,remarketing,C,view_home,0,0,1,160.0,3,0,0,1,0,259.35,Low,High,1.0,0,0,1,1,2152.99,3
100901,2025-09-11,Sat,Afternoon,32,Male,Bengaluru,Delhi,India,Hindi,iOS,iPhone 13,Android 14,1.1.0,Jio,google,install_campaign,B,view_service,0,0,1,811.0,12,0,1,0,0,77.83,Low,Medium,3.8,0,0,1,1,5546.19,2
100902,2025-01-19,Wed,Evening,49,Female,Hyderabad,Telangana,India,Telugu,Android,iPhone 14,iOS 16,1.1.0,Jio,meta,remarketing,C,app_launch,1,0,0,179.0,17,0,0,0,1,41.4,Low,Low,4.0,0,1,1,1,5120.7,8
100903,2026-05-23,Sat,Morning,39,Male,Mumbai,Tamil Nadu,India,Hindi,Android,Redmi Note,iOS 16,2.0.0,BSNL,crm,organic,A,notification_open,0,1,1,92.0,11,0,1,0,0,44.96,Low,Low,4.5,0,1,0,0,190.64,1
100904,2025-05-03,Sun,Night,31,Female,Kolkata,West Bengal,India,Bengali,Android,iPhone 14,Android 13,2.1.1,ACT,crm,lookalike,B,app_launch,1,1,0,175.0,9,0,0,0,0,28.78,Premium,Low,2.0,1,0,0,0,89.72,1
100905,2026-03-05,Mon,Night,41,Female,Delhi,Maharashtra,USA,Telugu,Android,Oppo F21,iOS 16,1.0.1,BSNL,google,remarketing,B,notification_open,1,0,1,59.0,8,1,0,0,0,175.15,Low,Medium,1.2,0,0,1,1,1291.45,7
100906,2026-02-27,Mon,Evening,38,Male,Delhi,Tamil Nadu,India,English,iOS,Vivo V27,iOS 16,1.2.3,BSNL,crm,remarketing,C,notification_open,1,0,1,113.0,2,0,1,0,0,96.21,Low,Low,1.5,0,0,0,0,393.89,1
100907,2025-02-28,Sun,Morning,24,Male,Jaipur,West Bengal,USA,English,Android,iPhone 13,Android 13,1.1.0,Airtel,google,welcome_offer,A,signup,0,0,1,219.0,10,0,1,0,1,175.26,Mid,Low,4.5,0,1,1,1,1884.96,3
100908,2025-04-28,Mon,Afternoon,51,Male,Kolkata,West Bengal,India,Hindi,Android,iPhone 14,Android 13,1.2.3,Vi,organic,organic,E,notification_open,1,1,1,246.0,7,1,1,0,0,360.42,Low,Medium,6.0,0,1,0,1,2290.4,4
100909,2026-02-10,Mon,Morning,23,Female,Delhi,West Bengal,India,Bengali,Android,iPhone 14,Android 12,1.0.1,Other,affiliate,lookalike,B,view_service,0,1,0,132.0,9,0,1,0,0,20.3,Mid,Medium,3.5,0,0,1,1,3768.09,4
100910,2025-06-25,Mon,Morning,59,Female,Bengaluru,West Bengal,India,English,Android,Samsung A14,Android 13,1.2.3,BSNL,organic,organic,B,notification_open,1,0,1,204.0,12,0,0,0,0,205.29,Low,Medium,1.0,0,0,0,1,4738.08,7
100911,2025-05-18,Tue,Evening,33,Male,Pune,Maharashtra,India,Tamil,Android,Oppo F21,iOS 17,2.1.1,Airtel,organic,remarketing,C,signup,0,0,1,403.0,10,1,0,0,0,284.89,Mid,Medium,2.5,0,0,0,0,109.92,2
100912,2025-08-27,Wed,Evening,47,Male,Hyderabad,West Bengal,India,Bengali,Web,Samsung A14,iOS 16,1.0.1,Other,referral,lookalike,E,view_service,1,1,1,287.0,9,0,0,1,0,34.27,Mid,Medium,4.3,0,1,0,1,3574.22,6
100913,2025-10-02,Fri,Night,57,Male,Bengaluru,Maharashtra,India,Bengali,iOS,iPhone 13,Android 14,2.1.1,Vi,referral,brand_search,C,view_home,1,0,1,150.0,12,0,1,0,0,432.33,Low,Low,2.5,0,0,0,1,2695.4,5
100914,2026-04-26,Thu,Afternoon,35,Male,Indore,MP,India,Telugu,Android,Vivo V27,Android 12,1.1.0,Airtel,crm,organic,D,notification_open,1,0,0,324.0,9,0,0,0,0,75.57,Mid,Low,1.3,0,0,0,0,95.97,1
100915,2026-02-09,Mon,Night,37,Female,Pune,West Bengal,UK,English,Android,iPhone 13,Android 13,2.1.1,Vi,referral,remarketing,C,signup,0,0,1,97.0,4,1,0,1,0,192.64,Premium,Low,2.2,1,0,0,1,5811.68,4
100916,2025-03-12,Tue,Night,43,Male,Bengaluru,Rajasthan,India,Hindi,Android,iPhone 13,Android 12,1.1.0,Other,referral,remarketing,D,signup,1,0,1,338.0,8,0,1,0,0,50.38,High,Low,2.8,1,0,0,1,3207.12,1
100917,2026-01-28,Thu,Night,21,Female,Bengaluru,Tamil Nadu,India,English,Android,OnePlus Nord,Android 13,2.1.1,Airtel,organic,organic,B,notification_open,1,1,0,338.0,8,0,0,0,0,14.87,Low,Low,3.3,0,0,0,1,3613.01,3
100918,2025-10-22,Tue,Evening,35,Female,Pune,Tamil Nadu,India,Tamil,Android,iPhone 13,Android 14,1.0.1,BSNL,crm,welcome_offer,E,notification_open,0,1,1,83.0,9,0,0,0,1,4.57,Low,Low,5.0,0,1,0,1,4517.97,5
100919,2025-01-02,Thu,Afternoon,49,Male,Pune,Telangana,India,Hindi,Android,Vivo V27,Android 14,2.0.0,ACT,meta,lookalike,C,signup,1,0,1,36.0,7,0,1,0,0,53.56,Low,Medium,1.5,0,0,1,0,260.42,0
100920,2026-04-02,Sat,Afternoon,35,Female,Mumbai,Tamil Nadu,India,Telugu,iOS,Samsung A14,Android 13,1.0.1,Other,referral,lookalike,D,signup,1,0,0,179.0,10,0,1,0,0,249.08,Mid,Medium,1.5,0,0,0,1,2694.67,8
100921,2025-11-01,Wed,Afternoon,30,Female,Bengaluru,Maharashtra,India,English,Web,iPhone 13,iOS 17,2.0.0,Airtel,meta,install_campaign,B,view_service,1,0,0,425.0,7,0,0,0,0,395.74,Premium,Medium,1.3,1,0,1,1,6586.88,5
100922,2025-09-21,Wed,Afternoon,49,Female,Jaipur,Delhi,USA,Hindi,Android,iPhone 13,Android 12,1.2.3,ACT,meta,install_campaign,A,view_home,1,0,1,465.0,6,0,1,0,0,48.44,Mid,Low,2.8,0,0,1,1,1838.96,7
100923,2025-07-21,Mon,Night,54,Male,Pune,Telangana,Canada,Tamil,Android,iPhone 13,iOS 16,1.2.3,ACT,organic,install_campaign,C,notification_open,1,1,1,104.0,5,0,1,1,0,158.78,Low,High,4.5,0,1,0,0,33.31,2
100924,2026-04-06,Fri,Evening,31,Male,Mumbai,Rajasthan,India,Tamil,Android,iPhone 14,Android 12,1.1.0,ACT,crm,welcome_offer,B,notification_open,1,1,0,255.0,9,0,0,0,1,114.1,Mid,Low,6.3,0,1,0,1,3698.98,5
100925,2025-03-27,Mon,Afternoon,43,Female,Mumbai,Rajasthan,India,Telugu,Android,Redmi Note,Android 13,1.2.3,Airtel,crm,brand_search,E,promo_click,1,1,1,222.0,16,0,1,0,0,379.64,Mid,Low,4.5,0,1,0,1,752.62,5
100926,2026-04-22,Fri,Morning,54,Male,Mumbai,Tamil Nadu,India,Telugu,Android,iPhone 13,Android 13,1.0.1,ACT,affiliate,install_campaign,D,notification_open,1,1,1,235.0,16,0,1,0,0,83.76,Low,Low,4.5,0,1,1,0,166.05,2
100927,2025-07-24,Fri,Afternoon,22,Female,Delhi,MP,India,Hindi,iOS,Redmi Note,iOS 17,2.0.0,ACT,crm,lookalike,A,notification_open,0,0,0,159.0,10,1,0,0,1,26.97,High,Low,4.2,1,1,0,1,5894.16,8
100928,2025-08-19,Tue,Evening,26,Male,Bengaluru,Maharashtra,USA,Tamil,Android,OnePlus Nord,iOS 17,1.0.1,Other,affiliate,remarketing,D,notification_open,0,0,0,644.0,8,0,0,0,0,29.34,Mid,Medium,1.3,0,0,1,1,2457.88,5
100929,2026-02-03,Sat,Morning,28,Male,Hyderabad,West Bengal,India,Hindi,iOS,iPhone 13,iOS 17,2.0.0,ACT,crm,organic,B,promo_click,1,0,0,120.0,7,1,1,0,0,48.07,Mid,Low,2.7,0,0,0,1,3772.41,4
100930,2025-11-27,Sat,Night,24,Female,Hyderabad,Telangana,India,English,Android,Redmi Note,iOS 16,1.2.3,Vi,google,welcome_offer,E,signup,1,1,1,226.0,8,1,0,0,0,64.93,Mid,Medium,3.2,0,0,1,1,2859.45,6
100931,2025-01-03,Tue,Evening,49,Male,Mumbai,Tamil Nadu,India,Bengali,iOS,iPhone 14,Android 13,1.0.1,Vi,meta,organic,A,view_home,1,1,0,222.0,13,0,1,1,0,101.2,Mid,Medium,5.5,0,1,1,1,6203.65,6
100932,2025-02-25,Tue,Evening,32,Male,Kolkata,Tamil Nadu,India,English,Android,iPhone 13,Android 12,2.0.0,BSNL,affiliate,brand_search,C,signup,1,1,0,514.0,15,0,1,0,0,72.72,Mid,Low,5.8,0,1,1,1,2769.05,2
100933,2025-01-22,Wed,Afternoon,53,Male,Jaipur,Tamil Nadu,India,English,Android,Oppo F21,Android 14,1.2.3,ACT,meta,lookalike,B,promo_click,0,1,0,200.0,5,0,1,0,0,315.54,Low,Low,3.5,0,0,1,1,2361.62,4
100934,2026-05-12,Tue,Evening,18,Female,Indore,Delhi,India,English,iOS,Vivo V27,Android 14,1.2.3,ACT,affiliate,install_campaign,C,notification_open,0,0,1,155.0,8,0,1,0,0,241.17,Low,Low,1.5,0,0,1,1,4858.36,4
100935,2025-12-30,Sat,Evening,33,Female,Indore,Maharashtra,India,English,iOS,iPhone 14,Android 13,2.1.1,Vi,meta,organic,B,view_service,1,0,1,134.0,9,0,0,0,0,156.68,Low,Medium,0.0,0,0,1,0,321.42,1
100936,2025-06-04,Wed,Afternoon,32,Female,Chennai,West Bengal,India,English,Web,Redmi Note,iOS 16,1.1.0,BSNL,meta,remarketing,B,notification_open,1,1,1,126.0,8,1,1,0,0,107.31,High,Low,4.7,1,1,1,1,4755.0,8
100937,2025-01-26,Sun,Morning,23,Male,Hyderabad,Tamil Nadu,India,Telugu,Android,Redmi Note,iOS 16,1.0.1,BSNL,affiliate,remarketing,A,notification_open,0,0,0,275.0,9,1,0,0,0,37.02,Low,Low,2.5,0,0,1,1,1540.03,4
100938,2025-06-10,Fri,Night,35,Male,Bengaluru,Telangana,India,English,Android,iPhone 14,Android 13,2.0.0,ACT,meta,remarketing,D,view_home,1,0,1,37.0,11,1,0,0,0,134.44,Mid,Medium,2.2,0,0,1,0,7.74,0
100939,2026-01-28,Thu,Evening,51,Female,Delhi,Telangana,India,Bengali,Android,iPhone 13,Android 14,2.0.0,Airtel,organic,lookalike,E,notification_open,0,0,1,512.0,10,0,0,0,0,245.62,High,Low,1.3,1,0,0,1,1182.95,7
100940,2026-03-28,Sat,Morning,35,Male,Pune,Delhi,India,Telugu,Android,Redmi Note,Android 14,1.0.1,Jio,crm,welcome_offer,E,view_service,0,0,1,29.0,8,1,1,0,0,244.27,Mid,Medium,2.7,0,0,0,1,1098.59,6
100941,2025-10-15,Sat,Evening,33,Female,Hyderabad,Rajasthan,India,Tamil,Android,Vivo V27,Android 12,1.0.1,Vi,meta,install_campaign,B,signup,1,1,1,172.0,10,0,1,0,0,101.22,Low,Low,3.5,0,0,1,1,853.99,4
100942,2025-08-01,Sun,Morning,34,Female,Jaipur,Rajasthan,India,Tamil,Android,OnePlus Nord,iOS 17,2.1.1,BSNL,organic,organic,B,app_launch,0,0,1,290.0,8,0,1,0,0,66.68,Mid,Medium,2.8,0,0,0,0,13.32,0
100943,2025-03-07,Sun,Evening,27,Female,Indore,Maharashtra,India,Hindi,iOS,OnePlus Nord,iOS 16,1.0.1,BSNL,meta,remarketing,D,signup,1,1,1,145.0,9,0,0,0,0,168.75,Low,Low,2.0,0,0,1,1,2931.77,4
100944,2025-01-10,Wed,Afternoon,40,Male,Jaipur,West Bengal,India,English,Android,Redmi Note,Android 14,1.1.0,Other,organic,lookalike,A,view_service,1,0,1,552.0,11,0,1,0,1,97.58,Low,Low,6.8,0,1,0,1,2679.31,2
100945,2025-10-30,Fri,Evening,50,Male,Bengaluru,Delhi,India,Tamil,Android,Redmi Note,Android 14,1.0.1,ACT,referral,remarketing,E,notification_open,0,0,0,118.0,4,0,0,0,0,51.4,Low,Low,0.0,0,0,0,0,104.07,3
100946,2025-12-15,Fri,Morning,41,Female,Pune,West Bengal,India,Tamil,Android,iPhone 13,iOS 16,1.0.1,ACT,crm,organic,E,view_home,0,1,0,199.0,8,0,0,0,1,74.34,Low,Medium,5.0,0,1,0,1,4023.95,4
100947,2025-06-29,Wed,Morning,40,Male,Jaipur,Maharashtra,India,Hindi,Web,Vivo V27,iOS 17,1.0.1,Vi,organic,welcome_offer,A,signup,1,0,0,97.0,12,1,1,0,0,120.6,Mid,Low,3.7,0,0,0,1,1895.71,6
100948,2025-03-16,Sun,Night,38,Female,Jaipur,Tamil Nadu,India,Bengali,Android,Vivo V27,Android 14,2.1.1,Other,crm,lookalike,B,signup,1,0,1,255.0,7,0,1,0,0,306.82,Mid,Low,2.8,0,0,0,1,4387.2,5
100949,2026-05-21,Mon,Night,57,Female,Kolkata,Rajasthan,India,Telugu,Android,Oppo F21,Android 13,2.1.1,Other,crm,install_campaign,C,view_home,0,0,0,335.0,7,0,1,0,1,112.28,Mid,Medium,5.8,0,1,0,1,3290.63,4
100950,2025-05-16,Sat,Night,38,Male,Mumbai,West Bengal,India,Telugu,Android,OnePlus Nord,Android 14,1.0.1,BSNL,referral,welcome_offer,B,promo_click,1,0,1,203.0,10,0,0,0,0,24.56,Mid,Low,0.0,0,0,0,0,185.2,2
100951,2026-01-26,Sat,Afternoon,48,Female,Pune,Rajasthan,India,Bengali,Android,OnePlus Nord,Android 12,2.1.1,Airtel,affiliate,remarketing,D,view_home,0,0,0,99.0,10,0,1,0,0,9.03,Mid,Medium,1.5,0,0,1,0,128.58,2
100952,2025-04-19,Mon,Morning,53,Male,Delhi,West Bengal,India,English,iOS,OnePlus Nord,iOS 16,1.1.0,Airtel,google,organic,D,app_launch,1,0,0,127.0,9,0,0,0,0,111.18,High,Medium,0.0,1,0,1,1,5454.5,6
100953,2025-10-13,Thu,Night,33,Female,Bengaluru,Maharashtra,India,Tamil,Android,Oppo F21,Android 14,1.0.1,Airtel,organic,organic,E,view_service,1,0,1,248.0,8,0,1,1,0,18.95,Premium,Low,3.8,1,0,0,1,2388.88,5
100954,2025-03-07,Sat,Afternoon,43,Male,Pune,West Bengal,India,Telugu,Android,OnePlus Nord,Android 12,1.0.1,Airtel,affiliate,install_campaign,D,signup,1,1,1,621.0,11,0,0,0,0,163.73,Low,Medium,4.3,0,1,1,1,5406.16,5
100955,2025-01-07,Wed,Morning,42,Female,Hyderabad,Telangana,India,Telugu,Android,Vivo V27,iOS 17,1.2.3,Airtel,affiliate,install_campaign,E,signup,1,0,1,54.0,13,0,1,0,0,323.75,Mid,High,2.5,0,0,1,0,211.17,0
100956,2025-01-28,Mon,Morning,26,Male,Kolkata,Karnataka,India,Telugu,Android,Redmi Note,iOS 17,1.0.1,Vi,google,lookalike,D,notification_open,1,1,0,86.0,11,0,1,0,0,157.9,Mid,High,4.5,0,1,1,1,542.21,6
100957,2025-09-02,Sat,Morning,40,Female,Mumbai,MP,India,Tamil,iOS,Oppo F21,Android 14,2.1.1,Vi,google,install_campaign,A,signup,1,0,0,135.0,7,0,1,0,0,208.72,Low,Low,1.5,0,0,1,1,1677.59,3
100958,2025-02-05,Mon,Afternoon,41,Female,Delhi,Tamil Nadu,India,Telugu,Android,Oppo F21,Android 12,1.0.1,Jio,google,organic,A,signup,0,0,0,64.0,3,1,0,0,0,133.65,Premium,Medium,1.2,1,0,1,0,469.93,3
100959,2025-10-02,Tue,Night,25,Male,Pune,Telangana,India,Hindi,Android,Samsung A14,iOS 16,1.1.0,BSNL,crm,welcome_offer,D,signup,0,1,1,223.0,7,0,1,0,0,23.3,High,Low,3.5,1,0,0,1,5592.98,6
100960,2025-12-30,Sun,Evening,49,Male,Delhi,Rajasthan,India,Hindi,Android,Samsung A14,Android 13,1.1.0,BSNL,referral,welcome_offer,E,app_launch,1,0,1,174.0,5,0,1,0,0,91.49,High,Low,1.5,1,0,0,1,3871.86,7
100961,2025-11-29,Thu,Morning,47,Female,Hyderabad,Tamil Nadu,India,English,Android,Vivo V27,iOS 16,2.0.0,Jio,organic,remarketing,E,notification_open,1,0,1,365.0,11,0,0,0,1,96.57,Mid,High,5.3,0,1,0,1,3166.58,4
100962,2026-02-16,Fri,Night,45,Female,Pune,Telangana,India,English,Android,iPhone 14,Android 12,2.1.1,Other,referral,install_campaign,D,app_launch,1,0,1,129.0,7,0,0,0,1,23.8,Low,Medium,3.0,0,0,0,1,352.59,5
100963,2024-12-28,Sun,Morning,39,Male,Chennai,MP,India,Tamil,Android,Vivo V27,iOS 16,1.2.3,Other,referral,remarketing,B,view_home,1,0,1,139.0,7,0,0,0,0,133.46,Low,Medium,0.0,0,0,0,1,7395.59,4
100964,2025-10-17,Thu,Morning,45,Male,Jaipur,Karnataka,India,English,Android,OnePlus Nord,iOS 16,1.0.1,Jio,organic,brand_search,E,view_service,1,0,0,101.0,6,0,1,1,0,8.59,Mid,Low,2.5,0,0,0,0,35.81,1
100965,2026-01-24,Sun,Night,43,Female,Hyderabad,Maharashtra,India,Bengali,Android,Oppo F21,Android 12,1.1.0,Vi,referral,install_campaign,C,view_home,1,0,1,524.0,7,0,0,0,0,20.96,Mid,Low,1.3,0,0,0,0,50.23,0
100966,2026-03-19,Sat,Evening,23,Male,Mumbai,Tamil Nadu,India,Hindi,Android,Vivo V27,Android 13,1.1.0,Vi,meta,lookalike,D,app_launch,1,0,0,176.0,6,0,0,0,0,170.2,Low,Low,0.0,0,0,1,0,100.26,0
100967,2025-09-22,Sun,Afternoon,28,Female,Indore,Rajasthan,USA,Tamil,Android,Samsung A14,iOS 16,1.1.0,Vi,crm,remarketing,D,notification_open,1,1,0,300.0,8,0,0,0,0,81.42,Low,Medium,3.3,0,0,0,1,1430.29,4
100968,2025-02-23,Thu,Morning,49,Female,Mumbai,Telangana,India,Tamil,iOS,Samsung A14,Android 14,1.2.3,Other,google,welcome_offer,D,promo_click,1,0,1,278.0,10,1,1,1,0,189.66,Mid,High,5.0,0,1,1,0,84.98,1
100969,2025-02-04,Sat,Afternoon,53,Female,Delhi,Tamil Nadu,India,English,iOS,iPhone 13,Android 12,2.0.0,Jio,crm,remarketing,C,promo_click,0,0,0,348.0,6,0,0,0,0,430.49,Premium,High,1.3,1,0,0,0,43.38,2
100970,2024-12-22,Tue,Morning,29,Male,Jaipur,Rajasthan,India,Telugu,iOS,iPhone 13,Android 14,1.0.1,Airtel,google,brand_search,B,promo_click,0,1,0,113.0,12,0,0,0,1,4.83,High,High,6.0,1,1,1,1,6652.9,7
100971,2025-11-16,Sat,Morning,47,Male,Pune,MP,India,Bengali,Android,iPhone 14,iOS 17,2.0.0,Other,organic,welcome_offer,B,signup,0,1,0,33.0,9,0,0,0,1,136.61,Mid,Low,5.0,0,1,0,1,2830.54,2
100972,2025-12-12,Fri,Evening,44,Male,Indore,Karnataka,UK,Bengali,iOS,Redmi Note,Android 14,1.2.3,BSNL,google,install_campaign,A,app_launch,0,0,1,241.0,5,1,0,1,0,205.01,Premium,Low,3.5,1,0,1,1,3301.76,4
100973,2025-05-28,Wed,Evening,18,Other,Kolkata,West Bengal,India,Tamil,iOS,OnePlus Nord,iOS 17,1.2.3,BSNL,referral,welcome_offer,A,signup,1,0,0,336.0,8,0,1,0,0,46.93,High,Medium,2.8,1,0,0,1,2376.78,5
100974,2026-03-10,Tue,Afternoon,47,Female,Bengaluru,Rajasthan,India,Hindi,Android,Samsung A14,Android 14,1.2.3,BSNL,crm,brand_search,B,notification_open,1,0,0,283.0,7,0,0,0,0,210.06,Low,Low,1.3,0,0,0,0,155.18,0
100975,2025-11-03,Fri,Night,36,Female,Indore,Tamil Nadu,India,Bengali,iOS,Samsung A14,iOS 17,2.1.1,Other,meta,lookalike,E,notification_open,1,1,0,130.0,7,0,0,0,0,237.32,High,Low,2.0,1,0,1,1,2865.79,3
100976,2024-12-12,Thu,Night,34,Male,Bengaluru,West Bengal,India,Hindi,iOS,iPhone 13,Android 13,1.0.1,Jio,meta,remarketing,B,promo_click,1,0,1,350.0,8,0,0,0,0,108.29,Mid,Medium,1.3,0,0,1,0,129.69,1
100977,2026-02-04,Tue,Afternoon,33,Other,Bengaluru,West Bengal,India,Tamil,Android,Oppo F21,iOS 16,2.0.0,Other,affiliate,organic,A,notification_open,1,1,0,59.0,9,0,0,0,0,87.55,Mid,Low,2.0,0,0,1,0,135.51,1
100978,2026-03-18,Mon,Afternoon,47,Female,Bengaluru,Tamil Nadu,India,Tamil,iOS,iPhone 14,iOS 16,2.1.1,ACT,crm,brand_search,C,view_home,1,0,1,147.0,6,0,1,1,0,188.15,High,Medium,2.5,1,0,0,0,102.13,1
100979,2025-03-01,Sat,Night,23,Male,Pune,Maharashtra,Canada,Hindi,Web,iPhone 14,Android 14,2.1.1,Other,google,remarketing,D,app_launch,1,1,1,69.0,7,1,1,1,1,33.82,Mid,High,8.7,0,1,1,1,3082.13,6
100980,2025-01-25,Sat,Afternoon,52,Female,Bengaluru,West Bengal,India,Hindi,iOS,iPhone 14,iOS 16,1.1.0,Airtel,meta,install_campaign,B,app_launch,1,1,0,325.0,6,0,1,0,0,38.97,Premium,Low,4.8,1,1,1,1,2148.02,3
100981,2025-12-25,Thu,Evening,58,Male,Kolkata,MP,India,Telugu,Android,Oppo F21,iOS 17,1.2.3,Airtel,meta,welcome_offer,A,app_launch,0,0,1,19.0,11,1,0,0,0,89.34,Mid,High,2.2,0,0,1,0,130.98,0
100982,2025-10-31,Fri,Night,21,Male,Jaipur,Rajasthan,India,English,Web,Oppo F21,iOS 16,1.2.3,Jio,meta,welcome_offer,A,notification_open,0,1,1,328.0,9,0,0,0,0,179.14,Mid,High,3.3,0,0,1,1,7409.22,4
100983,2025-12-27,Mon,Afternoon,59,Female,Indore,Telangana,India,English,Android,iPhone 13,iOS 17,1.0.1,ACT,meta,lookalike,D,view_service,1,0,0,192.0,7,0,0,0,0,160.85,Mid,Medium,0.0,0,0,1,0,51.22,3
100984,2024-12-27,Sun,Afternoon,32,Male,Kolkata,West Bengal,India,Telugu,Android,Vivo V27,Android 13,1.2.3,Airtel,meta,organic,A,notification_open,1,0,0,12.0,12,0,1,0,0,459.97,Mid,Medium,2.5,0,0,1,0,409.58,1
100985,2026-03-07,Sun,Afternoon,24,Male,Pune,Maharashtra,India,Telugu,Android,iPhone 14,Android 14,1.0.1,Jio,crm,organic,A,signup,1,0,1,41.0,7,0,1,0,0,75.2,High,Low,1.5,1,0,0,1,2128.71,6
100986,2026-04-24,Mon,Afternoon,25,Female,Hyderabad,Delhi,India,Bengali,Web,Samsung A14,iOS 17,1.2.3,Airtel,meta,install_campaign,A,view_service,0,1,1,240.0,7,0,1,0,0,389.2,Mid,Medium,3.5,0,0,1,1,3644.48,5
100987,2025-04-26,Fri,Morning,29,Male,Chennai,Tamil Nadu,India,Bengali,Android,iPhone 14,Android 12,1.2.3,Jio,crm,remarketing,B,view_service,1,0,0,394.0,9,0,1,0,0,15.77,Mid,Medium,2.8,0,0,0,1,7129.71,6
100988,2025-06-17,Fri,Evening,49,Male,Kolkata,Delhi,India,Telugu,Android,iPhone 13,iOS 16,1.0.1,ACT,organic,welcome_offer,D,app_launch,1,0,1,198.0,8,0,0,1,0,113.46,Low,Low,1.0,0,0,0,1,3915.98,7
100989,2025-04-09,Sat,Evening,47,Male,Jaipur,Tamil Nadu,India,Hindi,iOS,iPhone 14,Android 13,2.1.1,ACT,crm,welcome_offer,A,promo_click,1,1,0,112.0,10,0,1,0,0,179.27,Low,Medium,3.5,0,0,0,0,765.05,1
100990,2025-11-12,Sat,Evening,30,Female,Pune,Rajasthan,UK,English,Android,Redmi Note,iOS 17,1.2.3,BSNL,affiliate,organic,A,view_home,0,0,1,324.0,6,1,0,1,0,95.51,Mid,Medium,3.5,0,0,1,1,2389.66,2
100991,2026-04-19,Fri,Night,40,Female,Jaipur,West Bengal,India,Tamil,Android,iPhone 14,Android 14,1.2.3,Jio,crm,brand_search,C,notification_open,1,1,0,283.0,7,1,0,0,0,98.29,Mid,Medium,4.5,0,1,0,1,2789.04,2
100992,2025-03-14,Fri,Afternoon,27,Male,Kolkata,Tamil Nadu,India,English,Android,Vivo V27,Android 12,1.2.3,Other,meta,welcome_offer,A,view_service,1,0,0,111.0,6,0,0,0,0,91.33,Low,Medium,0.0,0,0,1,0,450.67,0
100993,2026-03-27,Sun,Afternoon,41,Female,Jaipur,Maharashtra,India,English,Android,iPhone 13,iOS 17,2.0.0,Jio,affiliate,install_campaign,B,view_service,0,1,1,189.0,7,0,1,0,0,110.53,High,Medium,3.5,1,0,1,1,3341.41,2
100994,2025-10-20,Mon,Night,42,Female,Delhi,Rajasthan,India,Hindi,Android,Oppo F21,Android 12,1.0.1,BSNL,referral,install_campaign,B,view_service,1,1,1,308.0,10,0,0,1,1,14.97,Mid,Medium,7.3,0,1,0,0,180.01,0
100995,2025-01-29,Mon,Night,39,Male,Kolkata,Rajasthan,Canada,Telugu,Android,Redmi Note,iOS 16,2.1.1,Airtel,organic,welcome_offer,E,signup,1,0,1,99.0,8,1,1,0,0,223.96,High,Low,2.7,1,0,0,0,193.68,1
100996,2025-11-14,Tue,Night,47,Female,Chennai,Rajasthan,India,Hindi,Android,Oppo F21,Android 14,2.1.1,Jio,meta,remarketing,C,promo_click,1,1,1,232.0,10,1,1,0,0,652.48,Mid,Low,4.7,0,1,1,0,225.59,1
100997,2026-01-18,Thu,Morning,31,Male,Chennai,Maharashtra,USA,Telugu,Android,iPhone 13,Android 13,1.0.1,BSNL,affiliate,brand_search,D,signup,1,1,1,143.0,6,0,1,0,0,312.45,High,Low,3.5,1,0,1,1,3184.75,4
100998,2025-01-22,Wed,Night,39,Male,Indore,MP,India,English,Android,Oppo F21,Android 12,2.1.1,BSNL,affiliate,welcome_offer,E,view_home,1,1,1,169.0,10,1,0,0,0,19.39,Mid,Medium,3.2,0,0,1,1,2136.81,3
100999,2025-11-17,Mon,Evening,18,Male,Delhi,Delhi,India,Hindi,iOS,iPhone 13,Android 14,2.0.0,Airtel,meta,install_campaign,A,signup,1,0,1,152.0,8,0,0,0,0,93.24,High,High,0.0,1,0,1,1,4493.6,3
